PDB,Chain,AAWT,AAMT,Pos,Response
1A43 ,0,C,S,218,"-2,55"
1A43 ,0,G,A,156,"-1,9"
1A43 ,0,W,A,184,"-0,7"
1A43 ,0,R,A,167,-3
1A43 ,0,E,D,159,"-3,5"
1AV1 ,0,L,R,141,"-0,65"
1B0O ,0,W,Y,19,"-6,91"
1B26 ,0,E,A,231,"-0,65"
1B26 ,0,K,A,193,"-0,665"
1B26 ,0,R,A,190,"-0,365"
1B5M ,0,P,A,81,"-1,15"
1BOY ,0,R,W,200,"0,6"
1BP2 ,0,F,A,106,"-0,9"
1BP2 ,0,F,I,106,"1,9"
1BP2 ,0,F,Y,106,"0,6"
1BP2 ,0,F,A,22,"0,5"
1BP2 ,0,F,I,22,"2,7"
1BP2 ,0,F,Y,22,"1,5"
1BP2 ,0,H,A,48,"-3,1"
1BP2 ,0,H,N,48,-3
1BP2 ,0,H,Q,48,"-0,6"
1BVC ,0,A,K,130,"-3,7"
1BVC ,0,A,L,130,"-2,3"
1BVC ,0,F,T,123,"-3,5"
1BVC ,0,I,A,28,"-2,06"
1BVC ,0,I,A,30,"-1,9"
1BVC ,0,L,A,29,"-0,39"
1BVC ,0,L,A,32,"-2,04"
1BVC ,0,H,Q,113,"-0,13"
1BVC ,0,H,F,119,"-0,34"
1BVC ,0,H,V,24,"-0,26"
1BVC ,0,H,Q,36,"-0,65"
1BVC ,0,H,Q,48,"-0,31"
1BVC ,0,H,Q,64,"-0,225"
1BVC ,0,H,Q,82,"-0,025"
1BVC ,0,H,G,93,"0,02"
1BVC ,0,H,Q,97,"-0,055"
1C2R ,0,Y,C,75,"-1,525"
1C2R ,0,Y,F,75,"-0,995"
1C2R ,0,K,D,12,"-1,1"
1C2R ,0,K,E,14,"-0,9"
1C2R ,0,K,E,32,"0,4"
1C9O ,0,F,W,38,"0,1"
1C9O ,0,G,Q,23,0
1C9O ,0,N,S,11,0
1C9O ,0,Q,L,2,"0,41"
1C9O ,0,T,S,31,"0,05"
1C9O ,0,V,T,64,"-0,31"
1C9O ,0,Y,F,15,"-0,1"
1C9O ,0,E,A,46,"0,1"
1C9O ,0,E,W,50,"0,3"
1C9O ,0,L,E,66,"-0,84"
1C9O ,0,Q,E,53,"0,02"
1C9O ,0,R,L,3,"0,33"
1C9O ,0,S,D,24,"0,1"
1C9O ,0,R,E,3,"-0,84"
1CSP ,0,F,A,15,"-2,27"
1CSP ,0,F,A,17,"-1,53"
1CSP ,0,F,A,27,"-0,76"
1CSP ,0,F,A,38,"0,15"
1CSP ,0,E,L,66,"1,34"
1CSP ,0,E,R,3,"0,89"
1CYC ,0,K,F,73,"-1,15"
1CYC ,0,K,M,73,-1
1CYC ,0,K,W,73,"-1,43"
1CYC ,0,K,Y,73,"-1,05"
1CYO ,0,S,L,71,"0,8"
1DIL ,0,A,L,53,"0,81"
1DIL ,0,A,V,69,"0,62"
1DIV ,0,H,Q,106,"-1,915"
1DIV ,0,H,Q,134,"-1,855"
1DIV ,0,H,Q,144,"-0,965"
1DKT ,0,F,L,17,"-2,79"
1DKT ,0,I,V,6,"-0,56"
1DKT ,0,L,A,46,"-2,07"
1DKT ,0,L,A,67,"-2,03"
1DKT ,0,M,L,58,"-0,52"
1DKT ,0,P,A,62,"1,4"
1DKT ,0,P,A,64,"-0,42"
1DKT ,0,S,A,39,"-0,83"
1DKT ,0,S,A,9,"-0,34"
1DKT ,0,V,A,22,"-1,53"
1DKT ,0,V,A,32,"-1,13"
1DKT ,0,V,A,55,"-1,06"
1DKT ,0,V,G,55,"-2,1"
1DKT ,0,Y,A,8,"-0,34"
1DKT ,0,E,A,18,"-1,25"
1DKT ,0,H,A,65,"-0,6"
1DKT ,0,K,A,11,"0,51"
1DKT ,0,R,A,70,"-2,8"
1DKT ,0,R,A,71,"-0,68"
1FKJ ,0,F,A,36,"-3,54"
1FKJ ,0,I,A,56,"-2,48"
1FKJ ,0,I,T,56,"-1,81"
1FKJ ,0,I,A,76,"-3,81"
1FKJ ,0,I,V,76,"0,193333333333333"
1FKJ ,0,I,V,7,"0,383333333333333"
1FKJ ,0,I,A,91,"-1,54"
1FKJ ,0,I,V,91,"-0,38"
1FKJ ,0,L,A,106,"-2,32"
1FKJ ,0,L,A,50,"-2,57"
1FKJ ,0,L,A,97,"1,24"
1FKJ ,0,T,A,21,"-1,6"
1FKJ ,0,T,S,21,"-1,44"
1FKJ ,0,T,V,21,"0,86"
1FKJ ,0,T,A,27,"-1,97"
1FKJ ,0,T,S,27,"-1,49"
1FKJ ,0,T,V,27,"0,23"
1FKJ ,0,T,A,75,"-2,6"
1FKJ ,0,T,V,75,"-0,81"
1FKJ ,0,V,A,101,"0,896666666666667"
1FKJ ,0,V,A,2,"-2,43"
1FKJ ,0,V,A,23,"-2,97"
1FKJ ,0,V,A,24,"-3,19"
1FKJ ,0,V,A,4,"-2,78"
1FKJ ,0,V,A,55,"-2,13"
1FKJ ,0,V,A,63,"0,843333333333333"
1FKJ ,0,V,A,98,"0,783333333333333"
1FKJ ,0,W,F,59,"-2,72"
1FKJ ,0,W,L,59,"-2,35"
1FKJ ,0,E,A,60,"0,526666666666667"
1FKJ ,0,E,G,60,"-0,005"
1FKJ ,0,E,A,61,0
1FKJ ,0,E,G,61,"-0,005"
1FKJ ,0,I,D,56,"-3,16"
1FKJ ,0,R,A,57,"0,166666666666667"
1FKJ ,0,R,G,57,"0,633333333333333"
1FLV ,0,A,L,101,"0,08"
1FLV ,0,A,V,101,"-0,32"
1FLV ,0,F,L,7,"-0,04"
1FLV ,0,G,A,87,"-0,13"
1FLV ,0,G,L,87,"-0,64"
1FLV ,0,G,V,87,"-0,13"
1FLV ,0,V,I,18,"1,03"
1FLV ,0,V,L,18,"0,6"
1FLV ,0,V,I,83,"0,13"
1FLV ,0,Y,F,47,"-0,59"
1FLV ,0,H,A,34,"-0,83"
1FNF ,0,L,P,1408,"-0,02"
1FRD ,0,H,R,42,4
1FTG ,0,A,V,101,"0,22"
1FTG ,0,A,G,84,"-2,17"
1FTG ,0,G,A,68,"0,45"
1FTG ,0,I,V,104,"-0,67"
1FTG ,0,I,V,156,"-3,6"
1FTG ,0,I,A,21,"-0,02"
1FTG ,0,I,G,21,"0,01"
1FTG ,0,I,V,22,"-1,94"
1FTG ,0,I,V,51,"-1,98"
1FTG ,0,I,V,52,"-1,38"
1FTG ,0,L,A,143,"-0,14"
1FTG ,0,L,A,50,"0,05"
1FTG ,0,L,A,6,"-3,53"
1FTG ,0,N,A,97,"-0,83"
1FTG ,0,Q,G,111,"0,1"
1FTG ,0,Q,A,99,"0,98"
1FTG ,0,S,A,110,"-1,03"
1FTG ,0,S,A,71,"-0,65"
1FTG ,0,T,S,122,"-0,37"
1FTG ,0,V,A,117,"-2,05"
1FTG ,0,V,A,139,"-1,51"
1FTG ,0,V,A,160,"-2,46"
1FTG ,0,V,A,31,"-2,39"
1FTG ,0,V,I,83,"0,06"
1FTG ,0,D,A,43,"0,09"
1FTG ,0,E,A,107,"0,23"
1FTG ,0,D,K,126,"1,01"
1FTG ,0,D,K,150,"-0,28"
1FTG ,0,E,K,20,"0,94"
1FTG ,0,D,K,65,"-0,26"
1FTG ,0,D,K,75,"0,655"
1FTG ,0,E,K,40,"1,295"
1FTG ,0,E,K,61,"0,88"
1FTG ,0,E,K,72,"0,785"
1FXA ,0,F,A,65,-1
1FXA ,0,F,I,65,"-0,9"
1FXA ,0,F,W,65,"-0,6"
1FXA ,0,F,Y,65,"-0,5"
1FXA ,0,T,A,48,"0,1"
1FXA ,0,E,Q,94,"0,6"
1FXA ,0,R,A,42,"-2,4"
1FXA ,0,E,K,94,"-0,4"
1FXA ,0,E,K,95,1
1FXA ,0,E,D,94,"-1,1"
1FXA ,0,R,H,42,"-1,4"
1HFY ,0,A,I,30,"2,4"
1HFY ,0,A,T,30,"1,7"
1HFY ,0,T,I,29,"4,4"
1HFY ,0,T,I,33,"-1,1"
1HFY ,0,W,F,104,"-2,27"
1HFY ,0,W,F,118,"0,16"
1HFY ,0,W,F,26,"-2,4"
1HFY ,0,W,F,60,"-1,27"
1HTI ,0,A,P,215,"0,6"
1HTI ,0,Q,A,179,"0,1"
1HTI ,0,K,A,193,1
1HTI ,0,Q,D,179,"1,5"
1HTI ,0,S,D,105,"-1,3"
1IDS ,0,G,A,152,"-4,3"
1IFB ,0,F,A,68,"1,38"
1IFB ,0,F,A,93,"-2,42"
1IFB ,0,W,Y,6,"-0,93"
1IFB ,0,W,Y,82,"0,09"
1IGV ,0,F,A,10,"-4,83"
1IGV ,0,F,A,66,"-4,98"
1IGV ,0,F,W,66,"-2,34"
1IGV ,0,I,V,73,"-1,53"
1IGV ,0,L,A,23,"-3,73"
1IGV ,0,L,G,23,"-4,28"
1IGV ,0,L,A,28,"-2,7"
1IGV ,0,L,V,6,"-2,2"
1IGV ,0,P,G,20,"-1,19"
1IGV ,0,V,A,61,"-3,78"
1IGV ,0,V,G,61,"-4,35"
1IGV ,0,V,L,70,"-1,2"
1IGV ,0,Y,F,13,"-1,19"
1IGV ,0,E,Q,17,"0,48"
1IHB ,0,F,N,71,"0,71"
1IHB ,0,F,Q,82,"-0,46"
1IHB ,0,F,N,92,"-1,08"
1IHB ,0,F,H,37,"-1,24"
1LRP ,0,M,A,40,-2
1LRP ,0,P,A,78,"-1,6"
1LRP ,0,V,I,36,1
1LVE ,0,K,R,30,-1
1MJC ,0,F,L,18,-1
1MJC ,0,F,S,18,"-1,54"
1MJC ,0,F,L,20,"-0,31"
1MJC ,0,F,S,20,"-1,16"
1MJC ,0,F,L,31,"-0,66"
1MJC ,0,F,S,31,"-1,03"
1MSI ,0,D,A,36,"0,905"
1MSI ,0,D,N,58,"-0,12"
1MSI ,0,E,A,25,"-0,02"
1MSI ,0,R,A,23,"-0,7"
1MSI ,0,R,A,39,"-0,69"
1MSI ,0,R,A,47,"-0,555"
1OH0 ,0,Y, ,1,"11,9"
1OH0 ,0,Y, ,3,"13,7"
1OH0 ,0,Y, ,5,"9,5"
1OIA ,0,Y,F,13,"-0,7"
1OIA ,0,Y,T,13,"-1,3"
1OIA ,0,Y,F,31,0
1OIA ,0,Y,S,31,"-2,3"
1OIA ,0,Y,F,78,0
1OIA ,0,Y,F,86,"-2,6"
1OIA ,0,Y,T,86,"-2,9"
1OIA ,0,Y,D,78,"-5,1"
1POH ,0,S,A,31,"-0,33"
1QGV ,0,G,D,126,"-1,71"
1RHG ,0,G,A,149,"2,29"
1RHG ,0,G,A,150,"2,86"
1RHG ,0,G,A,26,"3,06"
1RHG ,0,G,A,28,"2,66"
1RHG ,0,G,A,73,"1,44"
1RHG ,0,G,A,81,"-1,68"
1RHG ,0,G,A,87,"-1,86"
1RHG ,0,E, ,3,"1,35"
1RHG ,0,E, ,4,"-0,25"
1RHG ,0,L, ,5,"1,1"
1RIS ,0,A,G,35,"-0,45"
1RIS ,0,F,A,60,"-1,15"
1RIS ,0,I,A,26,-3
1RIS ,0,I,A,52,"-0,15"
1RIS ,0,I,A,8,"-3,7"
1RIS ,0,L,A,21,"-0,533333333333333"
1RIS ,0,L,A,48,"0,266666666666667"
1RIS ,0,L,A,75,"-0,7"
1RIS ,0,L,A,79,"-3,4"
1RIS ,0,V,A,37,-3
1RIS ,0,V,A,65,"-2,65"
1RIS ,0,V,A,6,"-2,875"
1RIS ,0,V,A,85,"-2,76666666666667"
1RIS ,0,V,A,88,"-2,06666666666667"
1RIS ,0,Y,A,33,"0,525"
1RIS ,0,E,Q,22,"-0,633333333333333"
1RN1 ,0,N,A,44,-2
1RN1 ,0,N,S,44,"-1,9"
1RN1 ,0,P,A,39,"-4,33"
1RN1 ,0,D,A,49,"-0,5"
1RN1 ,0,D,N,76,"-3,12333333333333"
1RN1 ,0,E,A,58,"-0,77"
1RN1 ,0,N,D,44,-2
1RN1 ,0,Q,K,25,"0,77"
1RX4 ,0,F,A,31,"-1,9"
1RX4 ,0,F,V,31,"-1,5"
1RX4 ,0,G,A,121,"0,5"
1RX4 ,0,G,C,121,"0,09"
1RX4 ,0,G,L,121,"-0,505"
1RX4 ,0,G,S,121,"0,01"
1RX4 ,0,G,V,121,"-1,22"
1RX4 ,0,G,Y,121,"-0,2"
1RX4 ,0,G,A,15,"0,7"
1RX4 ,0,G,A,43,"-0,4"
1RX4 ,0,G,A,67,"0,52"
1RX4 ,0,G,C,67,"-0,36"
1RX4 ,0,G,L,67,"-0,44"
1RX4 ,0,G,S,67,"0,07"
1RX4 ,0,G,T,67,"-0,21"
1RX4 ,0,G,V,67,"-0,94"
1RX4 ,0,G,A,95,"1,3"
1RX4 ,0,I,A,155,"-3,91"
1RX4 ,0,I,L,155,"-2,535"
1RX4 ,0,I,Q,155,"-3,86"
1RX4 ,0,I,S,155,"-3,93"
1RX4 ,0,I,T,155,"-3,3"
1RX4 ,0,I,V,155,"-0,29"
1RX4 ,0,I,W,155,"-4,31"
1RX4 ,0,I,Y,155,"-3,64"
1RX4 ,0,L,V,24,"-1,9"
1RX4 ,0,L,V,54,"0,4"
1RX4 ,0,N,C,59,"-0,02"
1RX4 ,0,N,G,59,"-2,92"
1RX4 ,0,N,I,59,"-0,11"
1RX4 ,0,N,L,59,"-0,03"
1RX4 ,0,N,M,59,"-0,27"
1RX4 ,0,N,P,59,"-1,34"
1RX4 ,0,N,Q,59,"-0,92"
1RX4 ,0,N,S,59,"-1,88"
1RX4 ,0,N,T,59,"-0,32"
1RX4 ,0,N,V,59,"0,22"
1RX4 ,0,N,W,59,"-1,6"
1RX4 ,0,P,L,21,"-0,1"
1RX4 ,0,S,A,148,"-0,47"
1RX4 ,0,S,N,148,"-0,89"
1RX4 ,0,S,P,148,"-0,26"
1RX4 ,0,S,T,148,"-0,51"
1RX4 ,0,S,V,148,"-0,33"
1RX4 ,0,T,V,113,"-1,2"
1RX4 ,0,T,A,35,"-1,1"
1RX4 ,0,V,A,40,"-1,55"
1RX4 ,0,V,F,40,"-2,15"
1RX4 ,0,V,I,40,"-0,85"
1RX4 ,0,V,L,40,"-1,35"
1RX4 ,0,V,M,40,-2
1RX4 ,0,V,N,40,"-2,17"
1RX4 ,0,V,S,40,"-2,52"
1RX4 ,0,V,A,75,"0,1"
1RX4 ,0,V,C,75,"0,1"
1RX4 ,0,V,I,75,"-1,3"
1RX4 ,0,V,S,75,"0,3"
1RX4 ,0,V,Y,75,"-1,3"
1RX4 ,0,V,A,88,"0,39"
1RX4 ,0,V,I,88,"0,75"
1RX4 ,0,W,L,22,"0,1"
1RX4 ,0,W,A,30,"-2,33"
1RX4 ,0,W,M,30,"-2,03"
1RX4 ,0,W,N,30,"-2,52"
1RX4 ,0,W,S,30,"-2,74"
1RX4 ,0,W,Y,30,"-2,16"
1RX4 ,0,D,A,122,"-1,6"
1RX4 ,0,D,N,27,"1,4"
1RX4 ,0,G,D,121,"0,19"
1RX4 ,0,G,H,121,"-0,11"
1RX4 ,0,G,D,67,"-0,14"
1RX4 ,0,I,D,155,"-4,1"
1RX4 ,0,I,E,155,"-3,26"
1RX4 ,0,I,K,155,"-3,35"
1RX4 ,0,I,R,155,"-3,28"
1RX4 ,0,L,R,28,"1,7"
1RX4 ,0,N,E,59,"-2,09"
1RX4 ,0,N,H,59,"-1,75"
1RX4 ,0,N,K,59,"-2,22"
1RX4 ,0,R,A,44,"-1,4"
1RX4 ,0,R,L,44,"1,5"
1RX4 ,0,S,E,148,"-0,52"
1RX4 ,0,S,K,148,"-0,26"
1RX4 ,0,S,R,148,"-0,75"
1RX4 ,0,V,H,40,"-3,27"
1RX4 ,0,V,R,40,"-1,72"
1RX4 ,0,V,H,75,"-1,65"
1RX4 ,0,V,R,75,"-1,2"
1RX4 ,0,W,E,30,"-2,89"
1RX4 ,0,W,H,30,"-2,78"
1RX4 ,0,W,R,30,"-2,49"
1RX4 ,0,E,K,139,-1
1SCE ,0,P,A,20,"-0,3"
1SCE ,0,P,A,29,"0,23"
1SCE ,0,P,A,44,"-3,04"
1SCE ,0,P,A,52,"-2,57"
1SCE ,0,P,A,58,"-0,35"
1SCE ,0,P,A,7,"-0,2"
1SCE ,0,P,A,90,"1,19"
1SCE ,0,P,G,90,"1,33"
1SCE ,0,P,A,92,"0,07"
1SCE ,0,P,G,92,"0,07"
1SCE ,0,S,A,28,"-0,34"
1SCE ,0,S,G,28,"0,89"
1SCE ,0,V,A,89,"-0,24"
1SCE ,0,V,G,89,"0,81"
1SHF ,0,G, ,12,"-1,78"
1SHF ,0,S, ,12,"-0,71"
1SHF ,0,S, ,12,"-1,9"
1SHF ,0,S, ,12,"-1,68"
1SHF ,0,S, ,12,"-1,41"
1SHF ,0,S, ,12,"-0,37"
1SHF ,0,S, ,12,"-0,73"
1SHF ,0,S, ,12,"-1,65"
1SHF ,0,S, ,12,"-1,1"
1SHF ,0,S, ,12,"-2,27"
1SHF ,0,T, ,12,"-2,59"
1SHF ,0,E, ,10,"-0,99"
1SHF ,0,E, ,10,"-0,97"
1SHF ,0,E, ,10,"-3,38"
1SHF ,0,E, ,10,"0,68"
1STN ,0,A,F,102,"-1,9"
1STN ,0,A,G,102,"-1,3"
1STN ,0,A,V,102,"-1,9"
1STN ,0,A,G,109,-1
1STN ,0,A,V,109,"-3,1"
1STN ,0,A,C,112,"-0,8"
1STN ,0,A,F,112,"-1,45"
1STN ,0,A,G,112,0
1STN ,0,A,V,112,"-1,5"
1STN ,0,A,G,12,"-2,4"
1STN ,0,A,V,12,"-1,1"
1STN ,0,A,G,130,"-1,1"
1STN ,0,A,V,130,"-1,2"
1STN ,0,A,G,132,"-3,7"
1STN ,0,A,V,132,"-4,8"
1STN ,0,A,G,145,"-0,4"
1STN ,0,A,V,145,"-0,3"
1STN ,0,A,G,17,"-0,3"
1STN ,0,A,V,17,"-1,9"
1STN ,0,A,G,58,"-2,6"
1STN ,0,A,V,58,"-2,8"
1STN ,0,A,C,60,"-1,2"
1STN ,0,A,F,60,"-0,8"
1STN ,0,A,G,60,"-1,4"
1STN ,0,A,V,60,"-2,8"
1STN ,0,A,G,69,-2
1STN ,0,A,T,69,"-3,07666666666667"
1STN ,0,A,V,69,"-2,3"
1STN ,0,A,G,90,-2
1STN ,0,A,S,90,-2
1STN ,0,A,V,90,"-0,2"
1STN ,0,A,G,94,"-2,4"
1STN ,0,A,V,94,"-1,3"
1STN ,0,F,A,34,"-3,7"
1STN ,0,F,G,34,"-6,2"
1STN ,0,F,A,61,"-2,3"
1STN ,0,F,G,61,"-4,8"
1STN ,0,F,A,76,-4
1STN ,0,F,G,76,"-4,7"
1STN ,0,G,A,107,"-4,45"
1STN ,0,G,V,107,"-7,5"
1STN ,0,G,A,20,"-0,3"
1STN ,0,G,V,20,"-2,3"
1STN ,0,G,A,29,"-1,25"
1STN ,0,G,C,29,"-1,1"
1STN ,0,G,F,29,"-1,25"
1STN ,0,G,V,29,-3
1STN ,0,G,A,50,"0,25"
1STN ,0,G,C,50,"-0,8"
1STN ,0,G,F,50,"-0,6"
1STN ,0,G,V,50,"-1,1"
1STN ,0,G,A,55,"-0,6"
1STN ,0,G,V,55,"-1,8"
1STN ,0,G,A,79,"-2,35"
1STN ,0,G,S,79,"-2,78"
1STN ,0,G,V,79,"-2,4"
1STN ,0,G,A,86,"-0,55"
1STN ,0,G,F,86,-2
1STN ,0,G,V,86,"-3,7"
1STN ,0,G,A,88,"-0,1"
1STN ,0,G,V,88,"-0,95"
1STN ,0,G,W,88,"-0,955"
1STN ,0,G,A,96,"-1,75"
1STN ,0,G,F,96,-3
1STN ,0,G,V,96,"-3,7"
1STN ,0,I,A,139,"-3,5"
1STN ,0,I,G,139,"-4,4"
1STN ,0,I,L,139,"-0,1"
1STN ,0,I,M,139,"-0,4"
1STN ,0,I,V,139,"-1,5"
1STN ,0,I,A,15,"-2,65"
1STN ,0,I,G,15,"-3,3"
1STN ,0,I,L,15,"-0,6"
1STN ,0,I,M,15,"-0,3"
1STN ,0,I,V,15,"-0,8"
1STN ,0,I,A,18,"-2,5"
1STN ,0,I,G,18,"-2,5"
1STN ,0,I,L,18,"-0,2"
1STN ,0,I,M,18,"-0,6"
1STN ,0,I,V,18,"-1,1"
1STN ,0,I,A,72,"-5,1"
1STN ,0,I,G,72,"-6,5"
1STN ,0,I,L,72,"-0,2"
1STN ,0,I,M,72,"-1,8"
1STN ,0,I,V,72,"-1,8"
1STN ,0,I,A,92,-4
1STN ,0,I,G,92,"-6,6"
1STN ,0,I,L,92,"-0,6"
1STN ,0,I,M,92,"-1,6"
1STN ,0,I,V,92,"-0,45"
1STN ,0,L,A,103,"-4,6"
1STN ,0,L,G,103,"-6,6"
1STN ,0,L,I,103,"-1,1"
1STN ,0,L,V,103,-2
1STN ,0,L,A,108,"-5,8"
1STN ,0,L,G,108,"-7,2"
1STN ,0,L,I,108,"-3,4"
1STN ,0,L,V,108,"-3,9"
1STN ,0,L,A,125,"-4,9"
1STN ,0,L,G,125,-7
1STN ,0,L,I,125,-1
1STN ,0,L,V,125,"-2,3"
1STN ,0,L,A,137,"-2,3"
1STN ,0,L,G,137,"-4,6"
1STN ,0,L,I,137,"-0,8"
1STN ,0,L,V,137,"-1,4"
1STN ,0,L,A,14,"-2,3"
1STN ,0,L,G,14,"-3,7"
1STN ,0,L,I,14,"-1,5"
1STN ,0,L,V,14,"-1,5"
1STN ,0,L,A,25,"-2,7"
1STN ,0,L,G,25,"-4,5"
1STN ,0,L,I,25,"-1,7"
1STN ,0,L,V,25,"-1,8"
1STN ,0,L,A,36,"-3,5"
1STN ,0,L,G,36,"-5,3"
1STN ,0,L,I,36,"-3,1"
1STN ,0,L,V,36,"-3,5"
1STN ,0,L,A,37,"-1,7"
1STN ,0,L,G,37,"-3,8"
1STN ,0,L,I,37,-2
1STN ,0,L,V,37,-3
1STN ,0,L,A,38,"-1,65"
1STN ,0,L,G,38,"-0,55"
1STN ,0,L,I,38,"-2,1"
1STN ,0,L,V,38,"-0,2"
1STN ,0,L,A,7,"-1,6"
1STN ,0,L,G,7,"-1,5"
1STN ,0,L,I,7,"-0,9"
1STN ,0,L,V,7,"-1,4"
1STN ,0,L,A,89,"-2,6"
1STN ,0,L,G,89,"-3,2"
1STN ,0,L,I,89,"-1,1"
1STN ,0,L,V,89,"-1,4"
1STN ,0,M,A,26,"-1,5"
1STN ,0,M,G,26,"-2,2"
1STN ,0,M,I,26,"-0,9"
1STN ,0,M,L,26,"-0,5"
1STN ,0,M,A,32,"-1,7"
1STN ,0,M,G,32,"-2,4"
1STN ,0,M,I,32,"-0,6"
1STN ,0,M,L,32,"-0,8"
1STN ,0,M,A,65,-2
1STN ,0,M,F,65,"-1,6"
1STN ,0,M,G,65,"-4,6"
1STN ,0,M,L,65,"-0,8"
1STN ,0,M,A,98,"-4,6"
1STN ,0,M,G,98,"-4,5"
1STN ,0,M,I,98,"-4,4"
1STN ,0,N,A,100,"-5,2"
1STN ,0,N,G,100,"-5,1"
1STN ,0,N,A,118,"-2,05"
1STN ,0,N,G,118,"-1,85"
1STN ,0,N,A,119,"-1,25"
1STN ,0,N,G,119,"-1,25"
1STN ,0,N,A,138,"-1,05"
1STN ,0,N,G,138,"0,15"
1STN ,0,N,A,144,"-0,1"
1STN ,0,N,G,144,"-0,5"
1STN ,0,N,A,68,"-0,5"
1STN ,0,N,G,68,"-0,5"
1STN ,0,P,A,117,"0,8"
1STN ,0,P,F,117,"0,3"
1STN ,0,P,G,117,"1,25"
1STN ,0,P,L,117,"0,2"
1STN ,0,P,T,117,"1,1"
1STN ,0,P,A,11,"-0,4"
1STN ,0,P,F,11,"-0,6"
1STN ,0,P,G,11,-1
1STN ,0,P,A,31,"-0,55"
1STN ,0,P,G,31,"-1,6"
1STN ,0,P,A,42,"0,1"
1STN ,0,D,A,143,"-0,1"
1STN ,0,D,G,143,"-0,2"
1STN ,0,D,N,143,"-0,3"
1STN ,0,D,A,146,"-0,2"
1STN ,0,D,G,146,"-0,2"
1STN ,0,D,A,19,"-0,1"
1STN ,0,D,F,19,"-1,5"
1STN ,0,D,G,19,"-0,4"
1STN ,0,D,N,19,"-0,2"
1STN ,0,D,A,21,"0,7"
1STN ,0,D,G,21,"0,3"
1STN ,0,D,N,21,"1,4"
1STN ,0,D,A,40,"0,2"
1STN ,0,D,G,40,"-0,5"
1STN ,0,D,A,77,"-3,1"
1STN ,0,D,G,77,"-2,2"
1STN ,0,D,N,77,"-2,9"
1STN ,0,D,A,83,"-3,8"
1STN ,0,D,F,83,"-5,2"
1STN ,0,D,G,83,"-2,7"
1STN ,0,D,A,95,"-3,3"
1STN ,0,D,F,95,"-5,3"
1STN ,0,D,G,95,"-2,7"
1STN ,0,E,A,101,"-1,9"
1STN ,0,E,F,101,"-3,1"
1STN ,0,E,G,101,"-3,1"
1STN ,0,E,A,10,"-1,3"
1STN ,0,E,G,10,"-1,8"
1STN ,0,E,Q,10,"-1,3"
1STN ,0,E,A,122,"-0,4"
1STN ,0,E,F,122,"-0,8"
1STN ,0,E,G,122,"-2,2"
1STN ,0,E,Q,122,"-1,6"
1STN ,0,E,A,129,"-2,4"
1STN ,0,E,F,129,-4
1STN ,0,E,G,129,"-3,8"
1STN ,0,E,A,135,"-0,7"
1STN ,0,E,F,135,"-1,2"
1STN ,0,E,G,135,"-1,7"
1STN ,0,E,Q,135,"-0,7"
1STN ,0,E,A,142,"-0,3"
1STN ,0,E,G,142,"-0,3"
1STN ,0,E,A,43,"0,3"
1STN ,0,E,G,43,"0,5"
1STN ,0,E,A,52,"-0,1"
1STN ,0,E,F,52,"-0,7"
1STN ,0,E,G,52,"-0,4"
1STN ,0,E,A,57,"-0,2"
1STN ,0,E,C,57,"-0,7"
1STN ,0,E,F,57,"-0,9"
1STN ,0,E,G,57,"-1,6"
1STN ,0,E,Q,57,"-0,2"
1STN ,0,E,A,67,-1
1STN ,0,E,F,67,"-1,4"
1STN ,0,E,G,67,"-0,9"
1STN ,0,E,Q,67,"-0,5"
1STN ,0,E,A,73,"-1,2"
1STN ,0,E,F,73,"-1,1"
1STN ,0,E,G,73,"-2,7"
1STN ,0,E,Q,73,"-0,7"
1STN ,0,E,A,75,"-2,2"
1STN ,0,E,G,75,"-3,5"
1STN ,0,E,Q,75,"-0,7"
1STN ,0,E,V,75,"-2,31"
1STN ,0,G,D,79,"-2,28"
1STN ,0,H,A,121,"-3,1"
1STN ,0,H,G,121,"-4,2"
1STN ,0,H,A,124,"0,4"
1STN ,0,H,F,124,"0,3"
1STN ,0,H,G,124,"-0,5"
1STN ,0,H,Q,124,"0,6"
1STN ,0,H,A,46,"-0,5"
1STN ,0,H,G,46,"-0,4"
1STN ,0,H,A,8,"-0,4"
1STN ,0,H,G,8,"-0,8"
1STN ,0,K,A,110,"-1,3"
1STN ,0,K,G,110,"-2,7"
1STN ,0,K,A,116,"0,7"
1STN ,0,K,F,116,"-0,1"
1STN ,0,K,G,116,1
1STN ,0,K,A,127,"0,2"
1STN ,0,K,F,127,"-0,3"
1STN ,0,K,G,127,"-0,7"
1STN ,0,K,Q,127,0
1STN ,0,K,A,133,"-1,4"
1STN ,0,P,G,42,"-0,4"
1STN ,0,P,A,47,"-0,6"
1STN ,0,P,F,47,"-0,3"
1STN ,0,P,G,47,"-0,1"
1STN ,0,P,A,56,0
1STN ,0,P,G,56,-1
1STN ,0,Q,A,106,"0,1"
1STN ,0,Q,G,106,"-1,5"
1STN ,0,Q,A,123,"-0,4"
1STN ,0,Q,F,123,"-0,7"
1STN ,0,Q,G,123,"-0,6"
1STN ,0,Q,A,131,"-0,2"
1STN ,0,Q,F,131,"-0,7"
1STN ,0,Q,G,131,"-2,4"
1STN ,0,Q,G,149,"-0,4"
1STN ,0,Q,A,30,"-0,3"
1STN ,0,Q,G,30,"-0,9"
1STN ,0,Q,A,80,"-0,1"
1STN ,0,Q,F,80,"-0,7"
1STN ,0,Q,G,80,"-1,4"
1STN ,0,S,A,128,"0,7"
1STN ,0,S,F,128,-1
1STN ,0,S,G,128,"-1,6"
1STN ,0,S,A,141,"-0,4"
1STN ,0,S,G,141,"-0,9"
1STN ,0,S,A,59,"0,4"
1STN ,0,S,F,59,0
1STN ,0,S,G,59,"-1,1"
1STN ,0,T,A,120,"-1,2"
1STN ,0,T,C,120,"-1,7"
1STN ,0,T,G,120,"-2,1"
1STN ,0,T,I,120,"-1,7"
1STN ,0,T,S,120,"-0,6"
1STN ,0,T,V,120,"-1,8"
1STN ,0,T,A,13,"-0,7"
1STN ,0,T,C,13,"-1,4"
1STN ,0,T,G,13,"-1,1"
1STN ,0,T,I,13,"-0,1"
1STN ,0,T,S,13,"-0,3"
1STN ,0,T,V,13,"-0,4"
1STN ,0,T,A,22,"-1,6"
1STN ,0,T,C,22,"-0,9"
1STN ,0,T,G,22,"-2,4"
1STN ,0,T,I,22,"-0,7"
1STN ,0,T,S,22,"-0,6"
1STN ,0,T,V,22,"-0,9"
1STN ,0,T,A,33,"-1,4"
1STN ,0,T,C,33,"-1,2"
1STN ,0,T,G,33,"-2,5"
1STN ,0,T,I,33,"0,6"
1STN ,0,T,S,33,"-1,15"
1STN ,0,T,V,33,"0,4"
1STN ,0,T,A,41,0
1STN ,0,T,C,41,"0,6"
1STN ,0,T,G,41,-2
1STN ,0,T,I,41,"0,7"
1STN ,0,T,S,41,"-1,1"
1STN ,0,T,V,41,"0,8"
1STN ,0,T,A,44,"-0,4"
1STN ,0,T,C,44,"-0,2"
1STN ,0,T,G,44,"-0,6"
1STN ,0,T,I,44,"-0,6"
1STN ,0,T,S,44,0
1STN ,0,T,V,44,"0,1"
1STN ,0,T,A,4,"-0,2"
1STN ,0,T,G,4,"-0,2"
1STN ,0,T,A,62,"-2,4"
1STN ,0,T,C,62,"-1,1"
1STN ,0,T,G,62,"-3,5"
1STN ,0,T,I,62,"-1,7"
1STN ,0,T,S,62,"-2,1"
1STN ,0,T,V,62,"-0,2"
1STN ,0,T,A,82,"-0,9"
1STN ,0,T,C,82,"-0,1"
1STN ,0,T,G,82,-2
1STN ,0,T,I,82,"0,5"
1STN ,0,T,S,82,"-0,7"
1STN ,0,T,V,82,"0,2"
1STN ,0,V,A,104,"-2,9"
1STN ,0,V,G,104,"-6,5"
1STN ,0,V,I,104,"0,2"
1STN ,0,V,L,104,"-0,8"
1STN ,0,V,S,104,"-4,9"
1STN ,0,V,T,104,"-2,5"
1STN ,0,V,A,111,"-4,45"
1STN ,0,V,G,111,"-4,9"
1STN ,0,V,I,111,"-0,7"
1STN ,0,V,L,111,"-0,9"
1STN ,0,V,S,111,"-4,8"
1STN ,0,V,T,111,"-2,3"
1STN ,0,V,A,114,0
1STN ,0,V,G,114,"-0,2"
1STN ,0,V,I,114,"-0,1"
1STN ,0,V,L,114,"-1,1"
1STN ,0,V,S,114,0
1STN ,0,V,T,114,"-0,3"
1STN ,0,V,A,23,"-2,9"
1STN ,0,V,F,23,"-2,3"
1STN ,0,V,G,23,"-5,6"
1STN ,0,V,I,23,"-0,2"
1STN ,0,V,L,23,"-0,1"
1STN ,0,V,S,23,"-4,7"
1STN ,0,V,T,23,"-3,2"
1STN ,0,V,A,39,"-2,2"
1STN ,0,V,G,39,"-4,7"
1STN ,0,V,I,39,"0,1"
1STN ,0,V,L,39,"-0,9"
1STN ,0,V,S,39,"-2,4"
1STN ,0,V,T,39,"-1,3"
1STN ,0,V,A,51,"-0,25"
1STN ,0,V,G,51,"-0,35"
1STN ,0,V,I,51,"0,1"
1STN ,0,V,L,51,"-0,2"
1STN ,0,V,S,51,"-0,1"
1STN ,0,V,T,51,"0,2"
1STN ,0,V,A,66,"-2,2"
1STN ,0,V,G,66,"-4,4"
1STN ,0,V,I,66,-1
1STN ,0,V,L,66,"-0,1"
1STN ,0,V,M,66,"-0,2"
1STN ,0,V,S,66,"-3,1"
1STN ,0,V,T,66,"-1,3"
1STN ,0,V,W,66,"-3,46333333333333"
1STN ,0,V,A,74,"-3,1"
1STN ,0,V,G,74,"-6,6"
1STN ,0,V,I,74,"-1,8"
1STN ,0,V,L,74,"-1,2"
1STN ,0,V,S,74,"-5,4"
1STN ,0,V,T,74,"-3,8"
1STN ,0,V,A,99,"-3,2"
1STN ,0,V,G,99,-5
1STN ,0,V,I,99,"-0,2"
1STN ,0,V,L,99,"-0,3"
1STN ,0,V,S,99,"-5,1"
1STN ,0,V,T,99,"-3,3"
1STN ,0,Y,A,113,"0,05"
1STN ,0,Y,F,113,0
1STN ,0,Y,G,113,"-0,25"
1STN ,0,Y,L,113,"0,2"
1STN ,0,Y,A,115,"-0,3"
1STN ,0,Y,F,115,"-0,1"
1STN ,0,Y,G,115,"-0,7"
1STN ,0,Y,L,115,"-0,3"
1STN ,0,Y,A,27,"-3,5"
1STN ,0,Y,C,27,"-2,9"
1STN ,0,Y,F,27,"-0,3"
1STN ,0,Y,G,27,"-5,45"
1STN ,0,Y,I,27,"-2,5"
1STN ,0,Y,L,27,"-1,5"
1STN ,0,Y,M,27,-2
1STN ,0,Y,N,27,-4
1STN ,0,Y,P,27,"-6,1"
1STN ,0,Y,Q,27,"-3,2"
1STN ,0,Y,S,27,-3
1STN ,0,Y,T,27,"-3,3"
1STN ,0,Y,V,27,-3
1STN ,0,Y,W,27,"-0,6"
1STN ,0,Y,A,54,"-2,15"
1STN ,0,Y,F,54,"-0,5"
1STN ,0,Y,G,54,"-1,85"
1STN ,0,Y,L,54,"-3,4"
1STN ,0,Y,A,85,"-0,4"
1STN ,0,Y,F,85,"-0,1"
1STN ,0,Y,G,85,-1
1STN ,0,Y,L,85,"-0,1"
1STN ,0,Y,A,91,"-5,3"
1STN ,0,Y,F,91,"-2,4"
1STN ,0,Y,G,91,"-6,7"
1STN ,0,Y,L,91,"-3,9"
1STN ,0,Y,A,93,"-6,5"
1STN ,0,Y,F,93,-2
1STN ,0,Y,G,93,"-7,5"
1STN ,0,Y,L,93,"-4,5"
1STN ,0,K,F,133,"-1,4"
1STN ,0,K,G,133,"-3,3"
1STN ,0,K,Q,133,"-0,5"
1STN ,0,K,A,134,"0,1"
1STN ,0,K,C,134,"-0,7"
1STN ,0,K,F,134,"-0,3"
1STN ,0,K,G,134,"-0,7"
1STN ,0,K,A,136,"-0,9"
1STN ,0,K,F,136,"-1,2"
1STN ,0,K,G,136,"-0,2"
1STN ,0,K,A,16,"-0,2"
1STN ,0,K,F,16,"-0,5"
1STN ,0,K,G,16,"-0,7"
1STN ,0,K,A,24,"-0,2"
1STN ,0,K,F,24,"-0,6"
1STN ,0,K,G,24,"-1,2"
1STN ,0,K,A,28,"-0,7"
1STN ,0,K,F,28,"-0,9"
1STN ,0,K,G,28,"-0,7"
1STN ,0,K,Q,28,"-0,3"
1STN ,0,K,A,45,"0,3"
1STN ,0,K,G,45,"0,2"
1STN ,0,K,A,48,"0,1"
1STN ,0,K,F,48,"-0,5"
1STN ,0,K,G,48,"0,2"
1STN ,0,K,Q,48,"-0,1"
1STN ,0,K,A,49,"-0,3"
1STN ,0,K,F,49,0
1STN ,0,K,G,49,"-0,2"
1STN ,0,K,A,53,"-0,2"
1STN ,0,K,G,53,"-0,3"
1STN ,0,K,A,5,"0,3"
1STN ,0,K,G,5,"0,3"
1STN ,0,K,A,63,"-0,5"
1STN ,0,K,F,63,-2
1STN ,0,K,G,63,"-1,5"
1STN ,0,K,Q,63,-1
1STN ,0,K,A,64,"0,1"
1STN ,0,K,F,64,"-0,3"
1STN ,0,K,G,64,"-0,4"
1STN ,0,K,Q,64,0
1STN ,0,K,A,6,"0,3"
1STN ,0,K,G,6,"0,3"
1STN ,0,K,A,70,"-0,1"
1STN ,0,K,C,70,"-0,5"
1STN ,0,K,F,70,0
1STN ,0,K,G,70,"-0,5"
1STN ,0,K,Q,70,"-0,3"
1STN ,0,K,W,70,"-0,495"
1STN ,0,K,A,71,"-0,4"
1STN ,0,K,F,71,0
1STN ,0,K,G,71,"-1,1"
1STN ,0,K,A,78,"-0,6"
1STN ,0,K,C,78,"-0,4"
1STN ,0,K,F,78,"0,1"
1STN ,0,K,G,78,"-1,1"
1STN ,0,K,Q,78,"-0,1"
1STN ,0,K,A,84,"0,2"
1STN ,0,K,F,84,"-0,9"
1STN ,0,K,G,84,"-0,3"
1STN ,0,K,Q,84,"-0,1"
1STN ,0,K,A,97,"-0,1"
1STN ,0,K,F,97,"-0,7"
1STN ,0,K,G,97,"-1,7"
1STN ,0,K,Q,97,"-0,4"
1STN ,0,K,A,9,"-1,4"
1STN ,0,K,F,9,"-1,2"
1STN ,0,K,G,9,"-1,9"
1STN ,0,N,D,118,"-2,4"
1STN ,0,R,A,105,"-1,4"
1STN ,0,R,C,105,"-2,7"
1STN ,0,R,F,105,"-3,1"
1STN ,0,R,G,105,"-2,4"
1STN ,0,R,A,126,"-1,7"
1STN ,0,R,G,126,"-2,9"
1STN ,0,R,A,35,"-1,4"
1STN ,0,R,G,35,"-2,2"
1STN ,0,R,A,81,"-1,1"
1STN ,0,R,G,81,"-2,2"
1STN ,0,R,A,87,"-0,9"
1STN ,0,R,G,87,"-2,6"
1STN ,0,Y,D,27,"-5,4"
1STN ,0,Y,E,27,-5
1STN ,0,Y,H,27,"-1,6"
1STN ,0,Y,K,27,"-3,9"
1STN ,0,Y,R,27,"-2,9"
1STN ,0,D,K,143,"-0,3"
1STN ,0,D,K,19,"-0,3"
1STN ,0,D,K,21,1
1STN ,0,D,K,77,"-3,5"
1STN ,0,E,K,10,"-2,2"
1STN ,0,E,K,122,"-2,7"
1STN ,0,E,K,135,"-1,1"
1STN ,0,E,K,57,"-0,1"
1STN ,0,E,K,73,"-2,1"
1STN ,0,E,K,75,"-2,3"
1STN ,0,H,E,124,"0,2"
1STN ,0,K,E,127,0
1STN ,0,K,E,28,"-0,8"
1STN ,0,K,E,48,0
1STN ,0,K,E,63,"-1,5"
1STN ,0,K,E,64,"-1,6"
1STN ,0,K,E,70,"-0,4"
1STN ,0,K,E,78,"-0,8"
1STN ,0,K,E,84,0
1STN ,0,K,E,97,"-0,6"
1STN ,0,E,D,43,"0,2"
1UBQ ,0,I,A,13,"-3,3875"
1UBQ ,0,I,V,61,"-1,05"
1UBQ ,0,K,A,27,"-2,4"
1WQ5 ,0,F,L,22,"0,7"
1WQ5 ,0,G,S,211,"0,2"
1WQ5 ,0,G,V,211,"0,8"
1WQ5 ,0,G,W,211,"-1,35"
1WQ5 ,0,I,A,37,"-2,21"
1WQ5 ,0,L,A,127,"-0,64"
1WQ5 ,0,L,A,176,"-2,005"
1WQ5 ,0,L,A,50,"-1,495"
1WQ5 ,0,L,A,99,"-2,035"
1WQ5 ,0,P,A,132,"-0,606666666666667"
1WQ5 ,0,P,G,132,"-0,4"
1WQ5 ,0,P,A,207,"-0,83"
1WQ5 ,0,P,A,28,"-1,59"
1WQ5 ,0,P,G,28,"-0,948"
1WQ5 ,0,P,A,96,"-1,42666666666667"
1WQ5 ,0,E,A,49,"-0,3"
1WQ5 ,0,E,C,49,"2,2"
1WQ5 ,0,E,F,49,"2,4"
1WQ5 ,0,E,G,49,"-1,7"
1WQ5 ,0,E,I,49,8
1WQ5 ,0,E,L,49,"6,2"
1WQ5 ,0,E,M,49,"3,25"
1WQ5 ,0,E,N,49,"-0,6"
1WQ5 ,0,E,P,49,"-0,6"
1WQ5 ,0,E,Q,49,"-2,5"
1WQ5 ,0,E,S,49,"-1,4"
1WQ5 ,0,E,T,49,0
1WQ5 ,0,E,V,49,"3,2"
1WQ5 ,0,E,W,49,"1,1"
1WQ5 ,0,E,Y,49,0
1WQ5 ,0,G,D,211,"-0,55"
1WQ5 ,0,G,E,211,"1,4"
1WQ5 ,0,G,R,211,"-0,75"
1WQ5 ,0,G,D,234,"1,7"
1WQ5 ,0,G,K,234,"0,1"
1WQ5 ,0,E,H,49,"1,3"
1WQ5 ,0,E,K,49,"-0,9"
1WQ5 ,0,E,D,49,"-0,3"
2AFG ,0,A,G,103,"-0,41"
2AFG ,0,C,I,117,"0,36"
2AFG ,0,C,S,117,"-0,93"
2AFG ,0,C,S,16,"-2,89"
2AFG ,0,C,S,83,"-1,32"
2AFG ,0,F,Y,108,"0,94"
2AFG ,0,F,W,132,"-0,38"
2AFG ,0,F,W,85,"-0,1"
2AFG ,0,G,A,62,"-1,44"
2AFG ,0,G,N,62,"-0,79"
2AFG ,0,L,F,44,"0,87"
2AFG ,0,L,W,44,"0,12"
2AFG ,0,N,G,106,"0,38"
2AFG ,0,V,I,109,"0,06"
2AFG ,0,V,W,31,"0,96"
2AFG ,0,H,Y,102,"0,44"
2AFG ,0,H,Y,21,"1,01"
2AFG ,0,H,A,93,"-0,43"
2AFG ,0,H,G,93,"1,555"
2AFG ,0,H,N,93,"0,29"
2CI2 ,0,E,D,33,"-0,77"
2CI2 ,0,E,D,34,"0,36"
2HMB ,0,F,Y,16,"-3,44"
2HMB ,0,F,S,57,"-3,64"
2HMB ,0,T,Q,40,"-4,38"
2HMB ,0,T,V,40,"-1,84"
2HMB ,0,Y,F,128,"-3,83"
2HMB ,0,R,T,106,"-3,54"
2HMB ,0,R,Q,126,"-0,62"
2HMB ,0,T,E,40,"-3,28"
2HMB ,0,R,K,126,"-4,67"
2HPR ,0,S,D,46,"0,74"
2IFB ,0,A,C,104,"2,54"
2IFB ,0,G,A,65,"-1,33"
2IFB ,0,I,C,23,"0,91"
2IFB ,0,L,A,64,"-2,07"
2IFB ,0,L,G,64,"-2,63"
2IFB ,0,L,C,72,"-0,14"
2IFB ,0,L,C,89,"-0,6"
2IFB ,0,S,C,53,"0,58"
2IFB ,0,V,C,60,"0,8"
2IFB ,0,V,N,60,"-0,755"
2LZM ,0,A,G,130,"-2,1"
2LZM ,0,A,G,42,"-3,2"
2LZM ,0,I,V,150,"-2,1"
2LZM ,0,I,A,27,"-3,15"
2LZM ,0,I,A,50,"-2,9"
2LZM ,0,L,A,121,"-4,2"
2LZM ,0,L,P,66,"-12,23"
2LZM ,0,L,A,7,"-3,9"
2LZM ,0,L,P,91,"-10,98"
2LZM ,0,V,A,87,"-2,8"
2TRX ,0,P,S,34,"-0,1"
2TRX ,0,P,A,76,"-3,9"
2TRX ,0,D,A,26,"4,05"
2WSY ,0,A,G,18,"-4,1"
2WSY ,0,A,V,18,"-1,33333333333333"
2WSY ,0,F,I,22,"-3,05"
2WSY ,0,F,L,22,"-0,7"
2WSY ,0,F,V,22,"-1,69"
2WSY ,0,I,V,232,"-2,7"
2WSY ,0,L,V,209,"-2,7"
2WSY ,0,Y,Q,175,"0,35"
2ZTA ,0,E,Q,11,"-0,74"
2ZTA ,0,E,Q,20,"0,2"
2ZTA ,0,E,Q,22,"-1,83"
2ZTA ,0,K,A,15,"-0,41"
2ZTA ,0,K,A,27,"-0,91"
2ZTA ,0,K,A,28,"-0,06"
2ZTA ,0,K,A,8,"-0,39"
2ZTA ,0,R,A,25,"-1,66"
3BLS ,0,Y,F,150,-1
3D2A ,0,M,P,137,"0,98"
3D2A ,0,S,P,163,"-0,25"
3D2A ,0,M,E,134,"0,66"
3HHR ,0,S,A,71,"-1,26"
3HHR ,0,S,Q,71,"-1,46"
3HHR ,0,S,T,71,"-0,72"
3HHR ,0,S,V,71,"-1,32"
3HHR ,0,E,A,74,"-1,41"
3HHR ,0,E,L,74,"-1,24"
3HHR ,0,E,Q,74,"-1,24"
3HHR ,0,E,S,74,"-1,11"
3HHR ,0,E,T,74,"-1,72"
3HHR ,0,E,D,74,"-1,98"
3PGK ,0,F,W,194,"-1,86"
3PGK ,0,L,W,399,"-2,995"
3PGK ,0,W,F,308,"-3,63"
3PGK ,0,W,Y,308,"-3,6"
3PGK ,0,W,F,333,"-1,92333333333333"
3PGK ,0,Y,W,122,"-2,105"
3PGK ,0,Y,W,48,"-1,8075"
3PGK ,0,H,Q,388,"-0,84"
451C ,0,W,F,56,"-1,9"
451C ,0,W,F,77,"-1,2"
451C ,0,E,Q,70,"-0,35"
451C ,0,E,V,70,"-1,15"
5AZU ,0,A,G,82,"-2,39"
5AZU ,0,C,S,112,"2,077"
5AZU ,0,F,A,110,"-5,02"
5AZU ,0,F,S,110,"-4,9"
5AZU ,0,F,A,97,"-2,63"
5AZU ,0,I,A,20,"-1,975"
5AZU ,0,I,T,20,"-2,15"
5AZU ,0,I,V,20,"-0,19"
5AZU ,0,I,A,7,"-3,23"
5AZU ,0,I,S,7,"-4,33333333333333"
5AZU ,0,I,A,81,"-1,915"
5AZU ,0,I,T,81,"-2,93"
5AZU ,0,I,V,81,"-0,155"
5AZU ,0,L,A,125,"-1,195"
5AZU ,0,L,A,33,"-1,67"
5AZU ,0,L,A,50,"-1,79"
5AZU ,0,L,T,50,"-2,245"
5AZU ,0,L,V,50,"-0,3"
5AZU ,0,M,A,121,"-2,87"
5AZU ,0,V,A,22,"-1,555"
5AZU ,0,V,T,22,"-2,635"
5AZU ,0,V,A,31,"-1,67"
5AZU ,0,V,T,31,"-2,575"
5AZU ,0,V,A,5,"-0,48"
5AZU ,0,V,G,60,"-3,11"
5AZU ,0,V,A,95,"-0,96"
5AZU ,0,V,T,95,"0,42"
5AZU ,0,W,A,48,"-3,35"
5AZU ,0,Y,A,108,"-3,59"
