AAWT,Pos,AAMT,Response,chain
I,37,A,-2.21,A
L,50,A,-1495.0,A
P,207,A,-0.83,A
P,28,A,-1.59,A
P,28,G,-948.0,A
E,49,A,-0.3,A
E,49,F,2.4,A
E,49,G,-1.7,A
E,49,I,8.0,A
E,49,L,6.2,A
E,49,M,3.25,A
E,49,N,-0.6,A
E,49,P,-0.6,A
E,49,Q,-2.5,A
E,49,S,-1.4,A
E,49,T,0.0,A
E,49,V,3.2,A
E,49,W,1.1,A
E,49,Y,0.0,A
E,49,H,1.3,A
E,49,K,-0.9,A
E,49,D,-0.3,A
G,211,R,-0.75,A
G,211,W,-1.35,A
G,234,K,0.1,A
F,22,L,0.7,A
G,211,S,0.2,A
G,211,V,0.8,A
G,211,W,-1.35,A
I,37,A,-2.21,A
L,127,A,-0.64,A
L,176,A,-2005.0,A
L,50,A,-1495.0,A
L,99,A,-2035.0,A
P,132,A,-0.606666666667,A
P,132,G,-0.4,A
P,207,A,-0.83,A
P,28,A,-1.59,A
P,28,G,-948.0,A
P,96,A,-1.42666666667,A
E,49,A,-0.3,A
E,49,C,2.2,A
E,49,F,2.4,A
E,49,G,-1.7,A
E,49,I,8.0,A
E,49,L,6.2,A
E,49,M,3.25,A
E,49,N,-0.6,A
E,49,P,-0.6,A
E,49,Q,-2.5,A
E,49,S,-1.4,A
E,49,T,0.0,A
E,49,V,3.2,A
E,49,W,1.1,A
E,49,Y,0.0,A
G,211,D,-0.55,A
G,211,E,1.4,A
G,211,R,-0.75,A
G,234,D,1.7,A
G,234,K,0.1,A
E,49,H,1.3,A
E,49,K,-0.9,A
E,49,D,-0.3,A
F,22,L,0.7,A
G,211,S,0.2,A
G,211,V,0.8,A
G,211,W,-1.35,A
I,37,A,-2.21,A
L,127,A,-0.64,A
L,176,A,-2005.0,A
L,50,A,-1495.0,A
L,99,A,-2035.0,A
P,132,A,-0.606666666667,A
P,132,G,-0.4,A
P,207,A,-0.83,A
P,28,A,-1.59,A
P,28,G,-948.0,A
P,96,A,-1.42666666667,A
E,49,A,-0.3,A
E,49,C,2.2,A
E,49,F,2.4,A
E,49,G,-1.7,A
E,49,I,8.0,A
E,49,L,6.2,A
E,49,M,3.25,A
E,49,N,-0.6,A
E,49,P,-0.6,A
E,49,Q,-2.5,A
E,49,S,-1.4,A
E,49,T,0.0,A
E,49,V,3.2,A
E,49,W,1.1,A
E,49,Y,0.0,A
G,211,D,-0.55,A
G,211,E,1.4,A
G,211,R,-0.75,A
G,234,D,1.7,A
G,234,K,0.1,A
E,49,H,1.3,A
E,49,K,-0.9,A
E,49,D,-0.3,A
F,22,L,0.7,A
G,211,S,0.2,A
G,211,V,0.8,A
G,211,W,-1.35,A
I,37,A,-2.21,A
L,127,A,-0.64,A
L,176,A,-2005.0,A
L,50,A,-1495.0,A
L,99,A,-2035.0,A
P,132,A,-0.606666666667,A
P,132,G,-0.4,A
P,207,A,-0.83,A
P,28,A,-1.59,A
P,28,G,-948.0,A
P,96,A,-1.42666666667,A
E,49,A,-0.3,A
E,49,C,2.2,A
E,49,F,2.4,A
E,49,G,-1.7,A
E,49,I,8.0,A
E,49,L,6.2,A
E,49,M,3.25,A
E,49,N,-0.6,A
E,49,P,-0.6,A
E,49,Q,-2.5,A
E,49,S,-1.4,A
E,49,T,0.0,A
E,49,V,3.2,A
E,49,W,1.1,A
E,49,Y,0.0,A
G,211,D,-0.55,A
G,211,E,1.4,A
G,211,R,-0.75,A
G,234,D,1.7,A
G,234,K,0.1,A
E,49,H,1.3,A
E,49,K,-0.9,A
E,49,D,-0.3,A
F,13,,-0.65,A
F,258,W,-1.2,A
F,22,L,0.7,A
G,211,S,0.2,A
G,211,V,0.8,A
G,211,W,-1.35,A
I,37,A,-2.21,A
L,127,A,-0.64,A
L,176,A,-2005.0,A
L,50,A,-1495.0,A
L,99,A,-2035.0,A
P,132,A,-0.606666666667,A
P,132,G,-0.4,A
P,207,A,-0.83,A
P,28,A,-1.59,A
P,28,G,-948.0,A
P,96,A,-1.42666666667,A
E,49,A,-0.3,A
E,49,C,2.2,A
E,49,F,2.4,A
E,49,G,-1.7,A
E,49,I,8.0,A
E,49,L,6.2,A
E,49,M,3.25,A
E,49,N,-0.6,A
E,49,P,-0.6,A
E,49,Q,-2.5,A
E,49,S,-1.4,A
E,49,T,0.0,A
E,49,V,3.2,A
E,49,W,1.1,A
E,49,Y,0.0,A
G,211,D,-0.55,A
G,211,E,1.4,A
G,211,R,-0.75,A
G,234,D,1.7,A
G,234,K,0.1,A
E,49,H,1.3,A
E,49,K,-0.9,A
E,49,D,-0.3,A
F,22,L,0.7,A
G,211,S,0.2,A
G,211,V,0.8,A
G,211,W,-1.35,A
I,37,A,-2.21,A
L,127,A,-0.64,A
L,176,A,-2005.0,A
L,50,A,-1495.0,A
L,99,A,-2035.0,A
P,132,A,-0.606666666667,A
P,132,G,-0.4,A
P,207,A,-0.83,A
P,28,A,-1.59,A
P,28,G,-948.0,A
P,96,A,-1.42666666667,A
E,49,A,-0.3,A
E,49,C,2.2,A
E,49,F,2.4,A
E,49,G,-1.7,A
E,49,I,8.0,A
E,49,L,6.2,A
E,49,M,3.25,A
E,49,N,-0.6,A
E,49,P,-0.6,A
E,49,Q,-2.5,A
E,49,S,-1.4,A
E,49,T,0.0,A
E,49,V,3.2,A
E,49,W,1.1,A
E,49,Y,0.0,A
G,211,D,-0.55,A
G,211,E,1.4,A
G,211,R,-0.75,A
G,234,D,1.7,A
G,234,K,0.1,A
E,49,H,1.3,A
E,49,K,-0.9,A
E,49,D,-0.3,A
I,37,A,-2.21,A
L,50,A,-1495.0,A
P,207,A,-0.83,A
P,28,A,-1.59,A
P,28,G,-948.0,A
E,49,A,-0.3,A
E,49,F,2.4,A
E,49,G,-1.7,A
E,49,I,8.0,A
E,49,L,6.2,A
E,49,M,3.25,A
E,49,N,-0.6,A
E,49,P,-0.6,A
E,49,Q,-2.5,A
E,49,S,-1.4,A
E,49,T,0.0,A
E,49,V,3.2,A
E,49,W,1.1,A
E,49,Y,0.0,A
E,49,H,1.3,A
E,49,K,-0.9,A
E,49,D,-0.3,A
