PDB	Chain	WT	Residue	Mutant	Class
1AAR	A	F	45	W	mixed
1AJ3	A	P	61	A	alpha
1AJ3	A	I	23	A	alpha
1AJ3	A	K	26	A	alpha
1AJ3	A	V	30	A	alpha
1AJ3	A	V	42	A	alpha
1AJ3	A	L	45	A	alpha
1AJ3	A	I	84	A	alpha
1AJ3	A	L	88	A	alpha
1AJ3	A	L	98	A	alpha
1AJ3	A	H	10	A	alpha
1AJ3	A	E	25	A	alpha
1AJ3	A	T	40	A	alpha
1AJ3	A	N	44	G	alpha
1AJ3	A	K	47	A	alpha
1AJ3	A	K	47	G	alpha
1AJ3	A	Q	86	A	alpha
1AJ3	A	Q	86	G	alpha
1AJ3	A	D	93	A	alpha
1AJ3	A	D	93	G	alpha
1AJ3	A	K	96	A	alpha
1AJ3	A	K	96	G	alpha
1AJ3	A	Q	107	A	alpha
1AJ3	A	Q	107	G	alpha
1APS	A	E	29	D	mixed
1APS	A	P	54	A	mixed
1APS	A	M	61	A	mixed
1APS	A	L	65	V	mixed
1APS	A	P	71	A	mixed
1APS	A	I	75	V	mixed
1APS	A	F	94	L	mixed
1B5M	A	P	81	A	mixed
1B5M	A	D	60	R	mixed
1BNI	A	R	59	A	mixed
1BNI	A	I	76	T	mixed
1BNI	A	K	27	A	mixed
1BNI	A	D	12	G	mixed
1BNI	A	D	12	A	mixed
1BNI	A	Y	13	G	mixed
1BNI	A	Q	15	G	mixed
1BNI	A	Q	15	A	mixed
1BNI	A	Y	17	G	mixed
1BNI	A	I	55	G	mixed
1BNI	A	R	72	G	mixed
1BNI	A	E	73	G	mixed
1BNI	A	I	88	G	mixed
1BNI	A	L	89	G	mixed
1BNI	A	L	95	G	mixed
1BNI	A	I	96	G	mixed
1BNI	A	Y	97	G	mixed
1BNI	A	T	100	G	mixed
1BNL	A	D	76	A	mixed
1BPI	A	P	13	A	mixed
1BPI	A	P	13	S	mixed
1BPI	A	A	16	T	mixed
1BPI	A	A	16	V	mixed
1BPI	A	Y	35	D	mixed
1BPI	A	Y	35	L	mixed
1BTA	A	R	75	L	mixed
1BTA	A	K	22	Q	mixed
1BTA	A	K	60	E	mixed
1BVC	A	V	13	A	alpha
1BVC	A	L	115	A	alpha
1BVC	A	F	123	A	alpha
1BVC	A	L	135	A	alpha
1BVC	A	L	11	A	alpha
1BVC	A	F	106	A	alpha
1BVC	A	L	137	A	alpha
1BVC	A	A	15	L	alpha
1BVC	A	A	125	L	alpha
1BVC	A	A	144	L	alpha
1BVC	A	I	28	A	alpha
1BVC	A	L	29	A	alpha
1BVC	A	I	30	A	alpha
1BVC	A	L	32	A	alpha
1CEY	A	F	14	N	mixed
1CEY	A	A	77	G	mixed
1CEY	A	A	80	G	mixed
1CEY	A	A	88	G	mixed
1CSP	A	F	27	A	beta
1CSP	A	F	17	A	beta
1CSP	A	F	15	A	beta
1CSP	A	F	38	A	beta
1CSP	A	E	3	R	beta
1CSP	A	E	66	L	beta
1CYO	A	S	71	L	mixed
1DIL	A	A	69	V	beta
1DIL	A	A	53	L	beta
1DIV	A	H	106	Q	mixed
1DIV	A	H	134	Q	mixed
1DIV	A	H	144	Q	mixed
1DIV	A	D	23	N	mixed
1DIV	A	D	23	A	mixed
1DIV	A	K	12	M	mixed
1DIV	A	M	1	G	mixed
1DIV	A	M	1	A	mixed
1DIV	A	V	3	I	mixed
1DIV	A	V	3	L	mixed
1DIV	A	V	3	A	mixed
1DIV	A	I	4	V	mixed
1DIV	A	I	4	A	mixed
1DIV	A	L	6	I	mixed
1DIV	A	L	6	V	mixed
1DIV	A	L	6	A	mixed
1DIV	A	V	21	I	mixed
1DIV	A	V	21	L	mixed
1DIV	A	V	21	A	mixed
1DIV	A	L	30	V	mixed
1DIV	A	L	30	A	mixed
1DIV	A	K	7	M	mixed
1DIV	A	K	10	M	mixed
1DIV	A	K	14	M	mixed
1DIV	A	K	15	M	mixed
1DIV	A	D	8	N	mixed
1DIV	A	E	17	Q	mixed
1DIV	A	E	38	Q	mixed
1DIV	A	E	48	Q	mixed
1DIV	A	E	54	Q	mixed
1FLV	A	F	7	L	mixed
1FLV	A	Y	47	F	mixed
1FLV	A	H	34	A	mixed
1FLV	A	V	18	I	mixed
1FLV	A	V	18	L	mixed
1FLV	A	V	83	I	mixed
1FLV	A	G	87	A	mixed
1FLV	A	G	87	V	mixed
1FLV	A	G	87	L	mixed
1FLV	A	A	101	V	mixed
1FLV	A	A	101	L	mixed
1FNF	A	L	1408	P	beta
1FTG	A	E	20	K	mixed
1FTG	A	E	40	K	mixed
1FTG	A	E	61	K	mixed
1FTG	A	D	65	K	mixed
1FTG	A	E	72	K	mixed
1FTG	A	D	75	K	mixed
1FTG	A	D	126	K	mixed
1FTG	A	D	150	K	mixed
1FTG	A	L	6	A	mixed
1FTG	A	V	31	A	mixed
1FTG	A	D	43	A	mixed
1FTG	A	I	51	V	mixed
1FTG	A	I	52	V	mixed
1FTG	A	S	71	A	mixed
1FTG	A	A	84	G	mixed
1FTG	A	N	97	A	mixed
1FTG	A	Q	99	A	mixed
1FTG	A	I	104	V	mixed
1FTG	A	S	110	A	mixed
1FTG	A	V	117	A	mixed
1FTG	A	T	122	S	mixed
1FTG	A	V	139	A	mixed
1FTG	A	L	143	A	mixed
1FTG	A	I	156	V	mixed
1FTG	A	V	160	A	mixed
1FTG	A	V	18	I	mixed
1FTG	A	E	20	K	mixed
1FTG	A	I	21	A	mixed
1FTG	A	I	21	G	mixed
1FTG	A	E	40	K	mixed
1FTG	A	L	50	A	mixed
1FTG	A	G	68	A	mixed
1FTG	A	E	72	K	mixed
1FTG	A	D	75	K	mixed
1FTG	A	V	83	I	mixed
1FTG	A	Q	99	A	mixed
1FTG	A	A	101	V	mixed
1FTG	A	E	107	A	mixed
1FTG	A	Q	111	G	mixed
1HME	A	G	35	H	alpha
1HNG	A	L	16	V	beta
1HNG	A	I	18	V	beta
1HNG	A	V	30	A	beta
1HNG	A	A	40	G	beta
1HNG	A	L	50	V	beta
1HNG	A	I	57	V	beta
1HNG	A	V	78	A	beta
1HNG	A	L	89	V	beta
1HNG	A	L	95	V	beta
1HNG	A	Y	76	F	beta
1HZ6	A	V	4	A	mixed
1HZ6	A	T	5	A	mixed
1HZ6	A	I	6	A	mixed
1HZ6	A	K	7	A	mixed
1HZ6	A	A	8	G	mixed
1HZ6	A	N	9	A	mixed
1HZ6	A	L	10	A	mixed
1HZ6	A	I	11	A	mixed
1HZ6	A	I	11	V	mixed
1HZ6	A	F	12	A	mixed
1HZ6	A	F	12	L	mixed
1HZ6	A	A	13	P	mixed
1HZ6	A	A	13	V	mixed
1HZ6	A	N	14	A	mixed
1HZ6	A	G	15	A	mixed
1HZ6	A	G	15	V	mixed
1HZ6	A	S	16	A	mixed
1HZ6	A	T	17	A	mixed
1HZ6	A	T	19	A	mixed
1HZ6	A	A	20	G	mixed
1HZ6	A	A	20	V	mixed
1HZ6	A	E	21	A	mixed
1HZ6	A	F	22	A	mixed
1HZ6	A	F	22	L	mixed
1HZ6	A	K	23	A	mixed
1HZ6	A	G	24	A	mixed
1HZ6	A	T	25	A	mixed
1HZ6	A	F	26	G	mixed
1HZ6	A	F	26	L	mixed
1HZ6	A	K	28	G	mixed
1HZ6	A	A	29	G	mixed
1HZ6	A	T	30	A	mixed
1HZ6	A	S	31	A	mixed
1HZ6	A	S	31	G	mixed
1HZ6	A	E	32	G	mixed
1HZ6	A	E	32	I	mixed
1HZ6	A	A	33	G	mixed
1HZ6	A	Y	34	A	mixed
1HZ6	A	A	35	G	mixed
1HZ6	A	Y	36	A	mixed
1HZ6	A	A	37	G	mixed
1HZ6	A	D	38	A	mixed
1HZ6	A	D	38	G	mixed
1HZ6	A	T	39	G	mixed
1HZ6	A	L	40	A	mixed
1HZ6	A	K	41	A	mixed
1HZ6	A	K	42	A	mixed
1HZ6	A	N	44	A	mixed
1HZ6	A	G	45	A	mixed
1HZ6	A	E	46	A	mixed
1HZ6	A	T	48	A	mixed
1HZ6	A	V	49	A	mixed
1HZ6	A	D	50	A	mixed
1HZ6	A	V	51	A	mixed
1HZ6	A	A	52	G	mixed
1HZ6	A	K	54	A	mixed
1HZ6	A	G	55	A	mixed
1HZ6	A	Y	56	A	mixed
1IFB	A	W	6	Y	beta
1IFB	A	W	82	Y	beta
1IFB	A	F	68	A	beta
1IFB	A	F	93	A	beta
1IGV	A	P	20	G	alpha
1IGV	A	Y	13	F	alpha
1IGV	A	F	66	W	alpha
1IGV	A	V	70	L	alpha
1IHB	A	F	71	N	alpha
1IHB	A	F	92	N	alpha
1IHB	A	F	82	Q	alpha
1IHB	A	F	37	H	alpha
1IHB	A	R	55	V	alpha
1IOB	A	R	4	Q	beta
1IOB	A	R	4	P	beta
1IOB	A	L	6	A	beta
1IOB	A	N	7	G	beta
1IOB	A	N	7	D	beta
1IOB	A	C	8	A	beta
1IOB	A	C	8	S	beta
1IOB	A	L	10	A	beta
1LS4	A	T	31	A	alpha
1LS4	A	T	144	A	alpha
1LS4	A	L	17	K	alpha
1LS4	A	A	140	K	alpha
1MGR	A	Y	54	F	mixed
1MGR	A	Y	84	F	mixed
1MJC	A	F	20	L	beta
1MJC	A	F	31	S	beta
1MJC	A	F	20	S	beta
1MJC	A	S	52	W	beta
1MSI	A	E	25	A	mixed
1MSI	A	R	47	A	mixed
1MSI	A	D	58	N	mixed
1OIA	A	Y	78	F	mixed
1OIA	A	Y	78	D	mixed
1OIA	A	Y	86	T	mixed
1ONC	A	F	28	T	mixed
1PGA	A	T	53	I	mixed
1PGA	A	A	26	P	mixed
1PGA	A	T	51	S	mixed
1PGA	A	T	53	Y	mixed
1PGA	A	T	53	F	mixed
1PGA	A	T	53	V	mixed
1PGA	A	I	6	N	mixed
1PGA	A	I	6	T	mixed
1PGA	A	T	2	P	mixed
1PGA	A	G	9	P	mixed
1PGA	A	K	10	P	mixed
1PGA	A	V	21	P	mixed
1PGA	A	A	23	P	mixed
1PGA	A	A	24	P	mixed
1PGA	A	T	25	P	mixed
1PGA	A	V	29	P	mixed
1PGA	A	D	36	P	mixed
1PGA	A	A	48	P	mixed
1QLP	A	A	70	G	mixed
1QLP	A	M	374	I	mixed
1QLP	A	S	381	A	mixed
1QLP	A	A	31	L	mixed
1QLP	A	A	31	P	mixed
1QLP	A	V	55	I	mixed
1QLP	A	A	183	V	mixed
1QLP	A	A	183	I	mixed
1QLP	A	A	248	V	mixed
1QLP	A	A	248	I	mixed
1QLP	A	A	248	L	mixed
1QLP	A	A	248	F	mixed
1QLP	A	A	284	V	mixed
1QLP	A	A	284	I	mixed
1QLP	A	A	284	L	mixed
1QLP	A	V	321	I	mixed
1QLP	A	V	364	L	mixed
1RGG	A	D	25	H	mixed
1RGG	A	E	41	K	mixed
1RGG	A	E	74	K	mixed
1RGG	A	Y	30	F	mixed
1RGG	A	Y	55	F	mixed
1RGG	A	Y	80	F	mixed
1RGG	A	R	40	E	mixed
1RIS	A	I	8	A	mixed
1RIS	A	L	21	A	mixed
1RIS	A	Y	33	A	mixed
1RIS	A	L	48	A	mixed
1RIS	A	F	60	A	mixed
1RIS	A	L	75	A	mixed
1RIS	A	L	79	A	mixed
1RTB	A	F	46	V	mixed
1RTB	A	F	46	A	mixed
1SHF	A	E	107	H	beta
1SHF	A	E	107	K	beta
1SHF	A	E	107	F	beta
1SHF	A	E	107	P	beta
1SHF	A	E	107	Y	beta
1SHF	A	S	124	N	beta
1SHF	A	S	124	L	beta
1SHF	A	S	124	H	beta
1SHF	A	S	124	F	beta
1SHF	A	S	124	D	beta
1SHF	A	S	124	G	beta
1SHF	A	E	107	L	beta
1SHF	A	G	128	A	beta
1SHG	A	Y	13	F	beta
1SHG	A	K	18	F	beta
1SHG	A	Y	57	F	beta
1STN	A	L	25	A	mixed
1STN	A	L	103	G	mixed
1STN	A	L	108	A	mixed
1STN	A	L	108	G	mixed
1STN	A	L	125	G	mixed
1STN	A	V	23	G	mixed
1STN	A	V	74	G	mixed
1STN	A	V	99	G	mixed
1STN	A	V	104	G	mixed
1STN	A	I	72	A	mixed
1STN	A	I	72	G	mixed
1STN	A	I	92	G	mixed
1STN	A	Y	91	A	mixed
1STN	A	Y	91	G	mixed
1STN	A	Y	93	A	mixed
1STN	A	Y	93	G	mixed
1STN	A	F	34	G	mixed
1STN	A	V	66	K	mixed
1STN	A	P	11	G	mixed
1STN	A	P	11	A	mixed
1STN	A	P	31	G	mixed
1STN	A	P	31	A	mixed
1STN	A	P	42	G	mixed
1STN	A	P	42	A	mixed
1STN	A	P	47	G	mixed
1STN	A	P	47	A	mixed
1STN	A	P	56	G	mixed
1STN	A	P	56	A	mixed
1STN	A	P	117	G	mixed
1STN	A	P	117	A	mixed
1STN	A	G	29	V	mixed
1STN	A	G	55	V	mixed
1STN	A	G	96	V	mixed
1STN	A	N	100	A	mixed
1STN	A	S	141	A	mixed
1STN	A	Y	27	C	mixed
1STN	A	Y	27	D	mixed
1STN	A	Y	27	E	mixed
1STN	A	Y	27	G	mixed
1STN	A	Y	27	P	mixed
1STN	A	P	117	L	mixed
1STN	A	K	9	F	mixed
1STN	A	P	11	F	mixed
1STN	A	D	19	F	mixed
1STN	A	K	24	F	mixed
1STN	A	P	47	F	mixed
1STN	A	M	65	F	mixed
1STN	A	D	83	F	mixed
1STN	A	G	86	F	mixed
1STN	A	D	95	F	mixed
1STN	A	G	96	F	mixed
1STN	A	P	117	F	mixed
1STN	A	V	74	S	mixed
1STN	A	V	99	S	mixed
1STN	A	Y	54	F	mixed
1STN	A	T	13	C	mixed
1STN	A	T	33	C	mixed
1STN	A	T	44	C	mixed
1STN	A	T	82	C	mixed
1STN	A	R	105	C	mixed
1STN	A	M	65	I	mixed
1STN	A	V	23	I	mixed
1STN	A	V	23	L	mixed
1STN	A	V	39	I	mixed
1STN	A	V	39	L	mixed
1STN	A	V	51	L	mixed
1STN	A	V	66	I	mixed
1STN	A	V	74	L	mixed
1STN	A	V	104	I	mixed
1STN	A	V	111	I	mixed
1STN	A	V	111	L	mixed
1STN	A	V	114	I	mixed
1STN	A	I	15	M	mixed
1STN	A	I	72	L	mixed
1STN	A	I	92	M	mixed
1STN	A	I	139	L	mixed
1STN	A	L	7	V	mixed
1STN	A	L	14	V	mixed
1STN	A	L	36	V	mixed
1STN	A	L	37	I	mixed
1STN	A	L	89	I	mixed
1STN	A	L	108	V	mixed
1STN	A	L	125	I	mixed
1STN	A	L	137	V	mixed
1STN	A	T	22	I	mixed
1STN	A	T	41	I	mixed
1STN	A	T	82	I	mixed
1STN	A	D	21	K	mixed
1STN	A	K	63	Q	mixed
1STN	A	K	70	E	mixed
1STN	A	D	77	K	mixed
1STN	A	K	78	Q	mixed
1STN	A	K	84	Q	mixed
1STN	A	H	124	E	mixed
1STN	A	W	140	H	mixed
1STN	A	W	140	F	mixed
1STN	A	W	140	Y	mixed
1STN	A	W	140	L	mixed
1TEN	A	Y	869	A	beta
1TIT	A	C	63	S	beta
1TIT	A	Y	9	P	beta
1TIT	A	Y	9	G	beta
1TIT	A	Y	9	F	beta
1TIT	A	Y	9	S	beta
1TIT	A	L	41	A	beta
1TIT	A	L	58	A	beta
1TIT	A	L	60	A	beta
1TIT	A	F	73	L	beta
1TIT	A	V	86	A	beta
1TTG	A	P	5	A	beta
1TTG	A	P	25	A	beta
1TTG	A	I	34	V	beta
1TTG	A	V	50	A	beta
1TTG	A	P	64	A	beta
1TTG	A	P	82	A	beta
1TTG	A	P	87	A	beta
1UBQ	A	V	26	L	mixed
1UBQ	A	V	26	I	mixed
1UBQ	A	V	26	A	mixed
1UBQ	A	V	26	G	mixed
1W4H	A	L	167	A	alpha
1W4H	A	A	130	G	alpha
1W4H	A	L	131	A	alpha
1W4H	A	S	132	G	alpha
1W4H	A	P	133	A	alpha
1W4H	A	A	134	G	alpha
1W4H	A	I	135	V	alpha
1W4H	A	I	135	A	alpha
1W4H	A	L	138	A	alpha
1W4H	A	L	139	A	alpha
1W4H	A	A	140	G	alpha
1W4H	A	L	144	A	alpha
1W4H	A	A	146	G	alpha
1W4H	A	A	148	G	alpha
1W4H	A	I	149	V	alpha
1W4H	A	T	152	S	alpha
1W4H	A	T	152	A	alpha
1W4H	A	V	154	G	alpha
1W4H	A	L	158	A	alpha
1W4H	A	T	159	S	alpha
1W4H	A	D	162	N	alpha
1W4H	A	V	163	A	alpha
1W4H	A	H	166	A	alpha
1W4H	A	H	166	G	alpha
1W4H	A	L	167	A	alpha
1W4H	A	A	168	G	alpha
1ZNJ	A	T	8	A	alpha
1ZNJ	A	T	8	H	alpha
1ZNJ	A	T	8	R	alpha
2AFG	A	C	16	S	beta
2AFG	A	N	106	G	beta
2AFG	A	H	21	Y	beta
2AFG	A	L	44	F	beta
2AFG	A	H	102	Y	beta
2AFG	A	F	108	Y	beta
2AFG	A	V	109	I	beta
2AFG	A	V	31	I	beta
2AFG	A	C	117	I	beta
2AFG	A	L	44	W	beta
2AFG	A	F	85	W	beta
2AFG	A	F	132	W	beta
2CI2	I	R	67	A	mixed
2CI2	I	E	33	N	mixed
2CI2	I	L	51	V	mixed
2CI2	I	F	69	L	mixed
2HMB	A	F	16	Y	beta
2HMB	A	F	57	S	beta
2HMB	A	Y	128	F	beta
2HMB	A	T	40	E	beta
2HMB	A	T	40	Q	beta
2HMB	A	T	40	V	beta
2HMB	A	R	106	T	beta
2HMB	A	R	126	K	beta
2HMB	A	R	126	Q	beta
2IFB	A	G	65	A	beta
2IFB	A	L	64	A	beta
2IFB	A	L	64	G	beta
2IFB	A	I	23	C	beta
2IFB	A	S	53	C	beta
2IFB	A	V	60	C	beta
2IFB	A	L	72	C	beta
2IFB	A	L	89	C	beta
2IFB	A	A	104	C	beta
2IFB	A	V	60	N	beta
2LZM	A	M	6	I	alpha
2LZM	A	P	37	A	alpha
2LZM	A	S	38	D	alpha
2LZM	A	G	51	D	alpha
2LZM	A	C	54	Y	alpha
2LZM	A	I	58	Y	alpha
2LZM	A	G	77	A	alpha
2LZM	A	A	82	P	alpha
2LZM	A	P	86	G	alpha
2LZM	A	L	91	P	alpha
2LZM	A	Q	105	G	alpha
2LZM	A	W	126	R	alpha
2LZM	A	A	146	I	alpha
2LZM	A	A	146	T	alpha
2LZM	A	F	153	C	alpha
2LZM	A	G	156	D	alpha
2LZM	A	A	160	T	alpha
2LZM	A	L	66	P	alpha
2LZM	A	R	119	E	alpha
2LZM	A	K	135	E	alpha
2LZM	A	K	147	E	alpha
2LZM	A	I	27	A	alpha
2LZM	A	A	42	G	alpha
2LZM	A	I	50	A	alpha
2LZM	A	L	7	A	alpha
2LZM	A	V	87	A	alpha
2LZM	A	L	121	A	alpha
2LZM	A	A	130	G	alpha
2LZM	A	I	150	V	alpha
2Q98	A	H	27	A	alpha
2Q98	A	H	30	A	alpha
2Q98	A	H	46	A	alpha
2Q98	A	H	59	A	alpha
2Q98	A	H	97	A	alpha
2Q98	A	H	138	A	alpha
2Q98	A	H	173	A	alpha
2Q98	A	H	180	A	alpha
2Q98	A	H	195	A	alpha
2RN2	A	S	68	G	mixed
2RN2	A	S	68	A	mixed
2RN2	A	S	68	T	mixed
2RN2	A	S	68	V	mixed
2RN2	A	S	68	L	mixed
2RN2	A	H	62	A	mixed
2RN2	A	H	83	A	mixed
2RN2	A	H	62	P	mixed
2RN2	A	I	53	A	mixed
2RN2	A	Q	105	G	mixed
2RN2	A	D	10	A	mixed
2RN2	A	R	27	A	mixed
2TRX	A	P	76	A	mixed
2TRX	A	P	34	S	mixed
2TRX	A	D	26	I	mixed
2TRX	A	T	66	L	mixed
3BLS	A	Y	150	F	mixed
3D2A	A	M	134	E	mixed
3D2A	A	M	137	P	mixed
3D2A	A	S	163	P	mixed
3MBP	A	W	10	A	mixed
3MBP	A	P	133	S	mixed
3MBP	A	P	159	A	mixed
3MBP	A	P	159	S	mixed
3MBP	A	P	48	S	mixed
3MBP	A	I	59	A	mixed
3MBP	A	L	115	A	mixed
3MBP	A	L	147	A	mixed
3MBP	A	L	192	A	mixed
3MBP	A	L	195	A	mixed
3MBP	A	V	347	A	mixed
3MBP	A	L	361	A	mixed
3MBP	A	I	108	A	mixed
3MBP	A	I	161	A	mixed
3MBP	A	I	226	A	mixed
3PGK	A	H	388	Q	mixed
4LYZ	A	I	55	T	alpha
5AZU	A	I	7	S	mixed
5AZU	A	V	60	G	mixed
5AZU	A	A	82	G	mixed
