PDB_code,AAWt,Position,AAMt,Class
1A23,H,32,L,stabilizing
1A23,H,32,L,stabilizing
1A23,H,32,S,stabilizing
1A23,H,32,S,stabilizing
1A23,H,32,Y,neutral
1A23,H,32,Y,stabilizing
1AAR,F,45,W,neutral
1AG2,E,200,K,neutral
1AG2,F,198,S,destabilizing
1AG2,M,129,V,neutral
1AG2,Q,217,R,destabilizing
1AG2,R,208,H,destabilizing
1AG2,T,183,A,destabilizing
1AG2,T,190,V,neutral
1AG2,V,180,I,neutral
1AG2,V,210,I,neutral
1AJ3,W,22,F,destabilizing
1ARR,P,8,L,stabilizing
1ARR,P,8,L,stabilizing
1ARR,P,8,L,stabilizing
1AZP,V,30,I,neutral
1B26,E,231,A,neutral
1B26,K,193,A,neutral
1B26,R,190,A,neutral
1B5M,D,60,R,neutral
1B5M,D,60,R,neutral
1B5M,P,81,A,neutral
1B5M,P,81,A,destabilizing
1BNI,D,8,A,neutral
1BNI,D,8,A,neutral
1BNI,D,8,G,destabilizing
1BNI,D,8,S,neutral
1BNI,F,7,L,destabilizing
1BNI,I,4,A,destabilizing
1BNI,I,4,V,neutral
1BNI,N,5,A,destabilizing
1BNI,T,6,A,destabilizing
1BNI,T,6,A,destabilizing
1BNI,T,6,A,destabilizing
1BNI,T,6,D,neutral
1BNI,T,6,E,neutral
1BNI,T,6,G,destabilizing
1BNI,T,6,G,destabilizing
1BNI,T,6,N,destabilizing
1BNI,T,6,P,destabilizing
1BNI,T,6,Q,destabilizing
1BNI,T,6,S,neutral
1BNI,A,32,C,neutral
1BNI,A,32,D,neutral
1BNI,A,32,E,neutral
1BNI,A,32,F,neutral
1BNI,A,32,G,neutral
1BNI,A,32,H,neutral
1BNI,A,32,I,neutral
1BNI,A,32,K,neutral
1BNI,A,32,L,neutral
1BNI,A,32,M,neutral
1BNI,A,32,N,neutral
1BNI,A,32,P,destabilizing
1BNI,A,32,Q,neutral
1BNI,A,32,R,neutral
1BNI,A,32,S,neutral
1BNI,A,32,T,neutral
1BNI,A,32,V,neutral
1BNI,A,32,W,neutral
1BNI,A,32,Y,neutral
1BNI,D,12,A,neutral
1BNI,D,12,A,neutral
1BNI,D,12,G,neutral
1BNI,D,12,G,destabilizing
1BNI,D,12,S,neutral
1BNI,D,22,M,neutral
1BNI,D,44,E,neutral
1BNI,D,54,A,destabilizing
1BNI,D,54,N,destabilizing
1BNI,D,54,N,destabilizing
1BNI,D,54,N,destabilizing
1BNI,D,75,N,destabilizing
1BNI,D,93,N,destabilizing
1BNI,E,29,A,destabilizing
1BNI,E,29,G,destabilizing
1BNI,E,29,G,destabilizing
1BNI,E,29,Q,neutral
1BNI,E,29,S,destabilizing
1BNI,G,34,A,destabilizing
1BNI,G,34,D,destabilizing
1BNI,G,34,H,destabilizing
1BNI,G,34,K,destabilizing
1BNI,G,34,N,destabilizing
1BNI,G,34,R,destabilizing
1BNI,G,34,S,destabilizing
1BNI,G,34,T,destabilizing
1BNI,G,65,S,neutral
1BNI,H,18,A,destabilizing
1BNI,H,18,D,destabilizing
1BNI,H,18,G,neutral
1BNI,H,18,K,destabilizing
1BNI,H,18,K,destabilizing
1BNI,H,18,N,destabilizing
1BNI,H,18,Q,destabilizing
1BNI,H,18,R,destabilizing
1BNI,H,18,S,destabilizing
1BNI,I,25,A,destabilizing
1BNI,I,25,V,destabilizing
1BNI,I,51,A,destabilizing
1BNI,I,51,V,destabilizing
1BNI,I,51,V,destabilizing
1BNI,I,55,A,destabilizing
1BNI,I,55,T,neutral
1BNI,I,55,V,neutral
1BNI,I,76,A,destabilizing
1BNI,I,76,V,neutral
1BNI,I,88,A,destabilizing
1BNI,I,88,A,destabilizing
1BNI,I,88,A,destabilizing
1BNI,I,88,L,neutral
1BNI,I,88,V,destabilizing
1BNI,I,88,V,destabilizing
1BNI,I,88,V,destabilizing
1BNI,I,88,V,destabilizing
1BNI,I,96,A,destabilizing
1BNI,I,96,A,destabilizing
1BNI,I,96,A,destabilizing
1BNI,I,96,A,destabilizing
1BNI,I,96,A,destabilizing
1BNI,I,96,V,destabilizing
1BNI,I,96,V,destabilizing
1BNI,I,96,V,neutral
1BNI,I,96,V,neutral
1BNI,I,96,V,neutral
1BNI,I,96,V,destabilizing
1BNI,I,96,V,neutral
1BNI,K,19,R,neutral
1BNI,K,27,G,neutral
1BNI,K,27,G,neutral
1BNI,K,62,R,neutral
1BNI,K,62,R,neutral
1BNI,K,66,A,neutral
1BNI,L,14,A,destabilizing
1BNI,L,14,A,destabilizing
1BNI,L,14,A,destabilizing
1BNI,L,33,Q,destabilizing
1BNI,L,89,T,destabilizing
1BNI,L,89,V,neutral
1BNI,N,23,A,destabilizing
1BNI,N,41,D,destabilizing
1BNI,N,58,A,destabilizing
1BNI,N,58,D,neutral
1BNI,N,77,A,destabilizing
1BNI,N,84,A,destabilizing
1BNI,Q,15,I,neutral
1BNI,Q,31,A,neutral
1BNI,Q,31,G,neutral
1BNI,Q,31,S,neutral
1BNI,Q,31,S,neutral
1BNI,R,69,K,destabilizing
1BNI,R,69,M,destabilizing
1BNI,R,69,M,destabilizing
1BNI,R,69,S,destabilizing
1BNI,R,83,K,destabilizing
1BNI,R,83,Q,destabilizing
1BNI,R,83,Q,destabilizing
1BNI,S,28,A,neutral
1BNI,S,28,E,neutral
1BNI,S,28,G,neutral
1BNI,S,85,A,neutral
1BNI,S,91,A,destabilizing
1BNI,S,91,A,destabilizing
1BNI,S,91,A,destabilizing
1BNI,S,92,A,destabilizing
1BNI,S,92,A,destabilizing
1BNI,T,16,A,neutral
1BNI,T,16,G,destabilizing
1BNI,T,16,R,neutral
1BNI,T,16,R,neutral
1BNI,T,16,R,neutral
1BNI,T,16,S,destabilizing
1BNI,T,16,S,destabilizing
1BNI,T,26,A,destabilizing
1BNI,T,26,A,destabilizing
1BNI,T,26,A,destabilizing
1BNI,T,26,D,neutral
1BNI,T,26,E,neutral
1BNI,T,26,G,destabilizing
1BNI,T,26,G,destabilizing
1BNI,T,26,G,destabilizing
1BNI,T,26,N,destabilizing
1BNI,T,26,Q,destabilizing
1BNI,T,26,S,neutral
1BNI,T,26,V,destabilizing
1BNI,T,79,V,neutral
1BNI,T,99,V,destabilizing
1BNI,V,10,A,destabilizing
1BNI,V,10,T,destabilizing
1BNI,V,36,A,destabilizing
1BNI,V,36,T,destabilizing
1BNI,V,45,A,destabilizing
1BNI,V,45,T,destabilizing
1BNI,Y,13,A,destabilizing
1BNI,Y,13,A,destabilizing
1BNI,Y,13,F,neutral
1BNI,Y,17,A,destabilizing
1BNI,Y,17,A,destabilizing
1BNI,Y,17,F,neutral
1BNI,Y,17,G,destabilizing
1BNI,Y,17,S,destabilizing
1BNI,Y,24,F,neutral
1BNI,Y,78,F,destabilizing
1BNI,Y,78,F,destabilizing
1BNI,I,109,A,destabilizing
1BNI,I,109,V,neutral
1BNI,K,108,R,neutral
1BNI,Q,104,A,neutral
1BNI,R,110,A,neutral
1BNI,T,105,V,destabilizing
1BNI,Y,103,F,neutral
1BPI,G,36,S,neutral
1BTA,C,82,A,neutral
1BVC,E,4,A,neutral
1BVC,E,4,A,neutral
1BVC,L,9,A,neutral
1BVC,Q,8,A,neutral
1BVC,Q,8,A,stabilizing
1BVC,Q,8,G,neutral
1BVC,Q,8,G,neutral
1BVC,D,44,A,neutral
1BVC,D,44,A,neutral
1BVC,D,60,A,neutral
1BVC,D,60,A,neutral
1BVC,E,18,A,neutral
1BVC,E,18,A,neutral
1BVC,G,23,A,destabilizing
1BVC,I,28,A,destabilizing
1BVC,I,28,L,neutral
1BVC,I,28,M,neutral
1BVC,I,28,V,neutral
1BVC,K,56,A,neutral
1BVC,K,56,A,neutral
1BVC,K,77,A,neutral
1BVC,K,77,A,neutral
1BVC,L,11,A,neutral
1BVC,L,29,A,destabilizing
1BVC,L,29,I,destabilizing
1BVC,L,29,M,neutral
1BVC,L,29,V,destabilizing
1BVC,L,49,I,neutral
1BVC,L,69,A,destabilizing
1BVC,L,69,I,neutral
1BVC,L,69,M,neutral
1BVC,L,69,V,neutral
1BVC,P,88,A,neutral
1BVC,T,51,A,destabilizing
1BVC,T,67,A,neutral
1BVC,V,13,A,neutral
1BVC,V,66,A,neutral
1BVC,E,109,A,neutral
1BVC,E,109,A,neutral
1BVC,E,109,G,neutral
1BVC,E,109,G,neutral
1BVC,G,129,A,stabilizing
1BVC,H,116,A,neutral
1BVC,I,111,A,destabilizing
1BVC,I,111,L,neutral
1BVC,I,111,M,destabilizing
1BVC,I,142,A,destabilizing
1BVC,I,142,A,destabilizing
1BVC,I,142,L,neutral
1BVC,I,142,M,neutral
1BVC,I,142,V,neutral
1BVC,K,140,A,neutral
1BVC,K,140,A,neutral
1BVC,L,135,I,destabilizing
1BVC,L,135,M,neutral
1BVC,L,135,V,destabilizing
1BVC,L,137,A,destabilizing
1BVC,L,149,A,destabilizing
1BVC,S,117,A,neutral
1BVC,V,114,A,destabilizing
1C9O,Q,2,L,neutral
1C9O,Q,2,L,neutral
1C9O,R,3,A,destabilizing
1C9O,R,3,A,destabilizing
1C9O,R,3,E,neutral
1C9O,R,3,E,destabilizing
1C9O,R,3,K,neutral
1C9O,R,3,K,neutral
1C9O,R,3,L,neutral
1C9O,R,3,L,neutral
1C9O,E,46,A,neutral
1C9O,E,46,A,neutral
1C9O,G,23,Q,neutral
1C9O,G,23,Q,neutral
1C9O,L,66,E,destabilizing
1C9O,L,66,E,destabilizing
1C9O,N,11,S,neutral
1C9O,N,11,S,neutral
1C9O,Q,53,E,neutral
1C9O,Q,53,E,neutral
1C9O,S,24,D,neutral
1C9O,S,24,D,neutral
1C9O,T,31,S,neutral
1C9O,T,31,S,neutral
1C9O,V,64,T,neutral
1C9O,V,64,T,neutral
1C9O,Y,15,F,neutral
1C9O,Y,15,F,neutral
1CHK,W,28,F,destabilizing
1CHK,W,28,F,destabilizing
1CHK,W,28,F,destabilizing
1CHK,W,101,F,destabilizing
1CHK,W,101,F,destabilizing
1CHK,W,101,F,destabilizing
1CHK,W,227,F,destabilizing
1CHK,W,227,F,destabilizing
1CHK,W,227,F,destabilizing
1CSP,E,3,L,neutral
1CSP,E,3,L,stabilizing
1CSP,E,3,R,neutral
1CSP,E,3,R,stabilizing
1CSP,E,66,L,stabilizing
1CSP,E,66,L,stabilizing
1CSP,F,15,A,stabilizing
1CSP,F,15,A,neutral
1CSP,F,15,A,destabilizing
1CSP,F,15,A,destabilizing
1CSP,F,17,A,neutral
1CSP,F,17,A,neutral
1CSP,F,17,A,destabilizing
1CSP,F,17,A,destabilizing
1CSP,F,27,A,neutral
1CSP,F,27,A,neutral
1CSP,F,27,A,neutral
1CSP,F,38,A,neutral
1CYO,F,35,H,destabilizing
1CYO,F,35,L,destabilizing
1CYO,F,35,Y,neutral
1EL1,A,93,S,neutral
1EL1,H,21,G,neutral
1EL1,I,56,L,neutral
1EL1,V,109,K,neutral
1FGA,C,83,S,destabilizing
1FGA,H,93,G,stabilizing
1FGA,H,93,G,neutral
1FGA,C,117,S,neutral
1FGA,C,117,S,neutral
1G6N,S,128,A,neutral
1G6N,S,128,P,neutral
1HUE,A,27,S,destabilizing
1HUE,A,56,S,neutral
1HUE,M,69,I,neutral
1HUE,S,31,T,neutral
1HUE,V,42,I,neutral
1IGV,D,19,N,neutral
1IGV,E,17,Q,neutral
1IGV,E,26,Q,neutral
1LZ1,A,9,S,neutral
1LZ1,E,7,Q,neutral
1LZ1,E,7,Q,neutral
1LZ1,E,7,Q,destabilizing
1LZ1,E,7,Q,destabilizing
1LZ1,K,1,A,neutral
1LZ1,K,1,M,neutral
1LZ1,L,8,T,destabilizing
1LZ1,V,2,A,destabilizing
1LZ1,V,2,A,destabilizing
1LZ1,V,2,F,neutral
1LZ1,V,2,G,destabilizing
1LZ1,V,2,I,stabilizing
1LZ1,V,2,L,neutral
1LZ1,V,2,M,neutral
1LZ1,A,32,L,neutral
1LZ1,A,32,S,neutral
1LZ1,A,47,P,neutral
1LZ1,A,92,S,neutral
1LZ1,A,96,M,neutral
1LZ1,A,96,S,neutral
1LZ1,C,77,A,destabilizing
1LZ1,D,18,N,neutral
1LZ1,D,18,N,destabilizing
1LZ1,D,49,N,neutral
1LZ1,D,49,N,neutral
1LZ1,D,67,N,neutral
1LZ1,D,67,N,neutral
1LZ1,D,67,N,destabilizing
1LZ1,D,67,N,destabilizing
1LZ1,D,91,P,neutral
1LZ1,E,35,L,neutral
1LZ1,G,37,A,neutral
1LZ1,G,37,Q,neutral
1LZ1,H,78,A,neutral
1LZ1,H,78,G,neutral
1LZ1,I,23,A,destabilizing
1LZ1,I,23,V,neutral
1LZ1,I,23,V,neutral
1LZ1,I,56,A,destabilizing
1LZ1,I,56,F,destabilizing
1LZ1,I,56,L,neutral
1LZ1,I,56,M,destabilizing
1LZ1,I,56,T,destabilizing
1LZ1,I,56,V,destabilizing
1LZ1,I,56,V,destabilizing
1LZ1,I,59,A,destabilizing
1LZ1,I,59,A,destabilizing
1LZ1,I,59,F,neutral
1LZ1,I,59,G,destabilizing
1LZ1,I,59,L,neutral
1LZ1,I,59,M,destabilizing
1LZ1,I,59,S,destabilizing
1LZ1,I,59,T,destabilizing
1LZ1,I,59,V,neutral
1LZ1,I,59,V,destabilizing
1LZ1,I,59,Y,destabilizing
1LZ1,I,89,A,destabilizing
1LZ1,I,89,V,neutral
1LZ1,I,89,V,neutral
1LZ1,P,71,G,destabilizing
1LZ1,Q,58,A,neutral
1LZ1,Q,58,G,stabilizing
1LZ1,R,21,A,stabilizing
1LZ1,R,21,G,stabilizing
1LZ1,R,50,A,neutral
1LZ1,R,50,G,neutral
1LZ1,V,74,A,neutral
1LZ1,V,74,A,neutral
1LZ1,V,74,F,neutral
1LZ1,V,74,G,neutral
1LZ1,V,74,I,neutral
1LZ1,V,74,L,neutral
1LZ1,V,74,M,neutral
1LZ1,V,74,S,neutral
1LZ1,V,93,A,neutral
1LZ1,V,93,A,neutral
1LZ1,V,93,T,neutral
1LZ1,V,99,A,neutral
1LZ1,V,99,A,neutral
1LZ1,V,99,T,neutral
1LZ1,Y,20,F,neutral
1LZ1,Y,38,A,destabilizing
1LZ1,Y,38,F,neutral
1LZ1,Y,38,G,destabilizing
1LZ1,Y,45,F,neutral
1LZ1,Y,54,F,neutral
1LZ1,Y,63,F,neutral
1LZ1,D,102,N,neutral
1LZ1,D,102,N,neutral
1LZ1,D,102,N,neutral
1LZ1,D,102,N,neutral
1LZ1,D,120,N,neutral
1LZ1,D,120,N,neutral
1LZ1,D,120,N,neutral
1LZ1,D,120,N,neutral
1LZ1,I,106,A,neutral
1LZ1,I,106,V,neutral
1LZ1,I,106,V,neutral
1LZ1,N,118,A,neutral
1LZ1,N,118,G,neutral
1LZ1,P,103,G,neutral
1LZ1,V,100,A,neutral
1LZ1,V,100,A,neutral
1LZ1,V,100,F,destabilizing
1LZ1,V,100,T,neutral
1LZ1,V,110,A,neutral
1LZ1,V,110,A,neutral
1LZ1,V,110,F,neutral
1LZ1,V,110,G,neutral
1LZ1,V,110,I,neutral
1LZ1,V,110,L,neutral
1LZ1,V,110,M,neutral
1LZ1,V,110,P,neutral
1LZ1,V,121,A,destabilizing
1LZ1,V,121,A,destabilizing
1LZ1,V,125,A,destabilizing
1LZ1,V,125,A,destabilizing
1LZ1,V,130,A,destabilizing
1LZ1,V,130,A,neutral
1LZ1,Y,124,F,neutral
1MBG,V,103,A,destabilizing
1MBG,V,103,I,neutral
1MBG,V,103,L,stabilizing
1N0J,I,58,T,destabilizing
1ONC,M,23,L,destabilizing
1ONC,M,23,L,destabilizing
1ONC,M,23,L,destabilizing
1ONC,M,23,L,destabilizing
1ONC,M,23,L,destabilizing
1ONC,M,23,L,destabilizing
1ONC,M,23,L,destabilizing
1ONC,M,23,L,destabilizing
1ONC,M,23,L,destabilizing
1OTR,V,5,A,destabilizing
1OTR,V,5,N,destabilizing
1OTR,V,5,T,destabilizing
1OTR,E,34,C,neutral
1OTR,E,34,G,stabilizing
1OTR,E,34,H,destabilizing
1OTR,E,34,I,stabilizing
1OTR,E,34,K,destabilizing
1OTR,E,34,L,stabilizing
1OTR,E,34,P,destabilizing
1OTR,E,34,Q,destabilizing
1OTR,E,34,S,neutral
1OTR,E,34,T,stabilizing
1OTR,E,34,W,stabilizing
1OTR,I,30,L,destabilizing
1OTR,I,36,F,neutral
1OTR,I,36,L,destabilizing
1OTR,I,36,V,neutral
1OTR,L,67,A,destabilizing
1OTR,L,67,N,destabilizing
1OTR,L,67,S,destabilizing
1OTR,L,67,T,destabilizing
1OTR,Q,41,L,neutral
1OTR,Q,41,N,destabilizing
1OTR,Q,41,S,destabilizing
1OTR,Q,41,T,neutral
1OTR,Q,41,V,neutral
1OTR,V,17,A,destabilizing
1OTR,V,17,N,destabilizing
1OTR,V,17,T,destabilizing
1PGA,T,53,C,neutral
1PGA,T,53,D,neutral
1PGA,T,53,E,neutral
1PGA,T,53,F,stabilizing
1PGA,T,53,G,destabilizing
1PGA,T,53,H,neutral
1PGA,T,53,I,stabilizing
1PGA,T,53,K,neutral
1PGA,T,53,L,neutral
1PGA,T,53,M,neutral
1PGA,T,53,N,neutral
1PGA,T,53,Q,neutral
1PGA,T,53,R,neutral
1PGA,T,53,S,neutral
1PGA,T,53,T,stabilizing
1PGA,T,53,V,neutral
1PGA,T,53,W,stabilizing
1PGA,T,53,Y,stabilizing
1POH,K,49,A,stabilizing
1POH,K,49,D,stabilizing
1POH,K,49,E,stabilizing
1POH,K,49,G,stabilizing
1POH,K,49,M,neutral
1POH,K,49,N,neutral
1POH,K,49,Q,stabilizing
1POH,K,49,R,neutral
1POH,K,49,S,stabilizing
1RN1,N,9,A,neutral
1RN1,N,9,A,neutral
1RN1,A,21,C,neutral
1RN1,A,21,D,neutral
1RN1,A,21,D,neutral
1RN1,A,21,E,neutral
1RN1,A,21,E,neutral
1RN1,A,21,F,neutral
1RN1,A,21,G,neutral
1RN1,A,21,H,neutral
1RN1,A,21,H,neutral
1RN1,A,21,I,neutral
1RN1,A,21,K,neutral
1RN1,A,21,L,neutral
1RN1,A,21,M,neutral
1RN1,A,21,N,neutral
1RN1,A,21,Q,neutral
1RN1,A,21,Q,neutral
1RN1,A,21,R,neutral
1RN1,A,21,S,neutral
1RN1,A,21,S,neutral
1RN1,A,21,T,neutral
1RN1,A,21,V,neutral
1RN1,A,21,W,neutral
1RN1,A,21,Y,neutral
1RN1,D,76,A,destabilizing
1RN1,D,76,A,destabilizing
1RN1,D,76,N,destabilizing
1RN1,D,76,S,destabilizing
1RN1,D,76,S,destabilizing
1RN1,H,40,T,neutral
1RN1,H,92,A,neutral
1RN1,N,36,A,neutral
1RN1,N,36,A,neutral
1RN1,N,44,A,destabilizing
1RN1,N,44,A,destabilizing
1RN1,N,44,A,destabilizing
1RN1,N,44,D,destabilizing
1RN1,N,44,S,destabilizing
1RN1,N,81,A,destabilizing
1RN1,N,81,A,destabilizing
1RN1,S,12,A,destabilizing
1RN1,S,12,A,destabilizing
1RN1,S,17,A,neutral
1RN1,S,17,A,neutral
1RN1,S,64,A,destabilizing
1RN1,S,64,A,destabilizing
1RN1,W,59,Y,neutral
1RN1,Y,11,F,destabilizing
1RN1,Y,11,F,destabilizing
1RN1,Y,24,W,stabilizing
1RN1,Y,42,F,stabilizing
1RN1,Y,42,F,stabilizing
1RN1,Y,42,W,neutral
1RN1,Y,45,W,neutral
1RN1,Y,56,F,neutral
1RN1,Y,56,F,neutral
1RN1,Y,57,F,neutral
1RN1,Y,57,F,neutral
1RN1,Y,68,F,destabilizing
1RN1,Y,68,F,destabilizing
1ROP,L,41,A,destabilizing
1ROP,L,41,V,destabilizing
1RTB,P,93,A,destabilizing
1RTB,P,93,G,destabilizing
1RTB,P,93,G,destabilizing
1RTB,P,93,S,destabilizing
1RTB,Y,97,A,destabilizing
1RTB,Y,97,F,destabilizing
1RTB,Y,97,G,destabilizing
1RTB,P,114,A,destabilizing
1RTB,P,114,G,destabilizing
1RTB,P,114,G,destabilizing
1RTB,P,114,G,destabilizing
1RX4,L,28,R,neutral
1RX4,V,75,A,neutral
1RX4,V,75,C,neutral
1RX4,V,75,H,destabilizing
1RX4,V,75,H,destabilizing
1RX4,V,75,I,destabilizing
1RX4,V,75,R,destabilizing
1RX4,V,75,S,destabilizing
1RX4,V,75,Y,destabilizing
1RX4,E,139,K,destabilizing
1RX4,E,139,Q,destabilizing
1SAR,T,5,V,neutral
1SAR,V,2,T,neutral
1SAR,E,41,K,neutral
1SAR,E,41,K,destabilizing
1SAR,E,54,Q,destabilizing
1SAR,E,74,K,neutral
1SAR,E,74,K,neutral
1SAR,H,85,Q,neutral
1SAR,H,85,Q,neutral
1SAR,N,39,A,destabilizing
1SAR,N,39,D,destabilizing
1SAR,N,39,S,destabilizing
1SAR,Q,38,A,neutral
1SAR,Q,38,A,neutral
1SAR,R,65,A,neutral
1SAR,R,65,A,destabilizing
1SAR,T,16,V,neutral
1SAR,T,18,V,destabilizing
1SAR,T,56,V,destabilizing
1SAR,T,59,V,destabilizing
1SAR,T,67,V,neutral
1SAR,T,72,V,neutral
1SAR,T,82,V,destabilizing
1SAR,V,36,T,destabilizing
1SAR,V,43,T,neutral
1SAR,V,57,T,destabilizing
1SHG,D,48,G,neutral
1SHG,D,48,G,neutral
1SHG,D,48,G,neutral
1SHG,D,48,G,stabilizing
1SSO,I,29,V,neutral
1STN,A,60,G,destabilizing
1STN,A,60,V,destabilizing
1STN,A,90,S,destabilizing
1STN,A,90,S,destabilizing
1STN,A,90,S,destabilizing
1STN,D,77,A,destabilizing
1STN,D,77,G,destabilizing
1STN,D,83,A,destabilizing
1STN,D,83,G,destabilizing
1STN,D,95,A,destabilizing
1STN,D,95,G,destabilizing
1STN,E,73,A,destabilizing
1STN,F,61,A,destabilizing
1STN,F,61,G,destabilizing
1STN,F,76,A,destabilizing
1STN,F,76,G,destabilizing
1STN,G,79,S,destabilizing
1STN,G,79,S,destabilizing
1STN,G,79,S,destabilizing
1STN,G,79,S,destabilizing
1STN,G,88,V,neutral
1STN,G,88,V,neutral
1STN,H,46,Y,neutral
1STN,I,18,G,destabilizing
1STN,I,18,M,neutral
1STN,L,25,A,destabilizing
1STN,L,25,A,destabilizing
1STN,L,36,A,destabilizing
1STN,L,36,G,destabilizing
1STN,L,37,A,destabilizing
1STN,L,37,G,destabilizing
1STN,L,89,F,destabilizing
1STN,T,33,S,destabilizing
1STN,T,62,A,destabilizing
1STN,T,62,G,destabilizing
1STN,V,23,F,destabilizing
1STN,V,66,L,neutral
1STN,V,66,L,neutral
1STN,Y,91,S,destabilizing
1STN,H,124,L,neutral
1STN,H,124,L,stabilizing
1STN,H,124,L,stabilizing
1STN,L,103,A,destabilizing
1STN,N,118,D,destabilizing
1STN,W,140,F,neutral
1STN,W,140,H,neutral
1STN,W,140,L,destabilizing
1STN,W,140,Y,destabilizing
1SUP,M,50,F,neutral
1SUP,N,76,D,neutral
1SUP,G,169,A,neutral
1SUP,N,218,S,stabilizing
1SUP,Q,206,C,stabilizing
1SUP,Y,217,K,neutral
1TPK,V,65,A,destabilizing
1TPK,V,65,I,neutral
1TPK,V,65,L,destabilizing
1TPK,V,65,M,destabilizing
1TPK,V,65,S,destabilizing
1TPK,V,65,T,neutral
1TUP,C,242,S,destabilizing
1TUP,R,175,H,destabilizing
1TUP,R,248,Q,destabilizing
1TUP,R,249,S,destabilizing
1TUP,R,273,H,neutral
1VQB,I,6,V,neutral
1VQB,A,86,T,neutral
1VQB,A,86,V,neutral
1VQB,C,33,A,neutral
1VQB,C,33,I,neutral
1VQB,C,33,L,destabilizing
1VQB,C,33,M,destabilizing
1VQB,C,33,S,destabilizing
1VQB,C,33,S,destabilizing
1VQB,C,33,T,destabilizing
1VQB,C,33,V,neutral
1VQB,D,36,C,destabilizing
1VQB,D,36,C,destabilizing
1VQB,D,36,N,neutral
1VQB,D,50,H,destabilizing
1VQB,D,50,H,destabilizing
1VQB,E,30,F,stabilizing
1VQB,E,30,F,stabilizing
1VQB,E,30,M,neutral
1VQB,E,30,M,neutral
1VQB,E,30,N,destabilizing
1VQB,E,40,C,destabilizing
1VQB,E,40,T,neutral
1VQB,F,13,T,neutral
1VQB,F,68,L,destabilizing
1VQB,F,68,L,destabilizing
1VQB,F,68,V,destabilizing
1VQB,F,73,W,neutral
1VQB,H,64,C,neutral
1VQB,I,47,A,destabilizing
1VQB,I,47,A,destabilizing
1VQB,I,47,C,destabilizing
1VQB,I,47,C,destabilizing
1VQB,I,47,F,destabilizing
1VQB,I,47,F,destabilizing
1VQB,I,47,L,neutral
1VQB,I,47,L,neutral
1VQB,I,47,M,destabilizing
1VQB,I,47,M,destabilizing
1VQB,I,47,T,destabilizing
1VQB,I,47,V,destabilizing
1VQB,I,47,V,destabilizing
1VQB,I,78,C,destabilizing
1VQB,I,78,T,destabilizing
1VQB,I,78,V,destabilizing
1VQB,K,24,V,neutral
1VQB,K,69,H,destabilizing
1VQB,K,69,H,destabilizing
1VQB,K,69,M,neutral
1VQB,K,69,M,neutral
1VQB,L,28,V,stabilizing
1VQB,L,32,H,neutral
1VQB,L,32,R,destabilizing
1VQB,L,32,W,stabilizing
1VQB,L,32,Y,neutral
1VQB,L,37,A,destabilizing
1VQB,L,37,C,destabilizing
1VQB,L,37,I,destabilizing
1VQB,L,37,T,destabilizing
1VQB,L,37,V,destabilizing
1VQB,L,49,A,destabilizing
1VQB,L,49,C,destabilizing
1VQB,L,49,I,destabilizing
1VQB,L,49,T,destabilizing
1VQB,L,49,V,destabilizing
1VQB,L,65,P,destabilizing
1VQB,L,81,C,destabilizing
1VQB,L,81,T,destabilizing
1VQB,L,81,V,neutral
1VQB,M,77,A,destabilizing
1VQB,M,77,C,neutral
1VQB,M,77,F,neutral
1VQB,M,77,I,stabilizing
1VQB,M,77,L,destabilizing
1VQB,M,77,T,neutral
1VQB,M,77,V,stabilizing
1VQB,R,82,C,destabilizing
1VQB,S,67,C,destabilizing
1VQB,S,67,T,destabilizing
1VQB,T,48,C,neutral
1VQB,T,48,V,neutral
1VQB,T,62,C,neutral
1VQB,T,62,V,stabilizing
1VQB,V,19,C,neutral
1VQB,V,19,T,neutral
1VQB,V,35,A,destabilizing
1VQB,V,35,C,destabilizing
1VQB,V,35,F,destabilizing
1VQB,V,35,F,destabilizing
1VQB,V,35,I,neutral
1VQB,V,35,I,neutral
1VQB,V,35,L,destabilizing
1VQB,V,35,M,neutral
1VQB,V,35,M,destabilizing
1VQB,V,35,T,destabilizing
1VQB,V,43,C,destabilizing
1VQB,V,43,T,destabilizing
1VQB,V,45,A,destabilizing
1VQB,V,45,C,neutral
1VQB,V,45,L,destabilizing
1VQB,V,45,T,destabilizing
1VQB,V,63,C,destabilizing
1VQB,V,63,T,destabilizing
1VQB,V,70,C,destabilizing
1VQB,V,70,C,destabilizing
1VQB,V,70,P,destabilizing
1VQB,V,70,P,destabilizing
1VQB,V,70,T,destabilizing
1VQB,Y,26,R,neutral
1VQB,Y,41,A,neutral
1VQB,Y,41,F,neutral
1YCC,F,82,Y,neutral
1YCC,K,73,I,neutral
1YCC,K,73,V,neutral
1YCC,K,73,W,destabilizing
1YCC,L,85,A,destabilizing
1YCC,N,52,A,neutral
1YCC,N,52,H,destabilizing
1YCC,N,52,I,stabilizing
1YCC,N,52,I,stabilizing
1YCC,N,52,I,stabilizing
1YCC,N,52,I,stabilizing
1YCC,N,52,I,stabilizing
1YCC,N,52,I,stabilizing
1YCC,N,52,L,stabilizing
1YCC,N,52,M,stabilizing
1YCC,N,52,M,stabilizing
1YCC,N,52,Q,neutral
1YCC,N,52,S,neutral
1YCC,N,52,S,neutral
1YCC,N,52,S,destabilizing
1YCC,N,52,T,neutral
1YCC,N,52,T,stabilizing
1YCC,N,52,T,neutral
1YCC,N,52,T,neutral
1YCC,N,52,V,stabilizing
1YCC,N,52,V,stabilizing
1YCC,N,57,I,stabilizing
1YCC,P,76,G,neutral
1YCC,P,76,L,destabilizing
1YCC,P,76,R,neutral
1YCC,P,76,S,destabilizing
1YCC,P,76,V,destabilizing
1YCC,P,76,W,destabilizing
1YCC,P,76,Y,destabilizing
1YCC,C,102,A,stabilizing
1YCC,C,102,S,stabilizing
1YCC,C,102,T,neutral
1YCC,C,102,T,stabilizing
1YCC,C,102,T,neutral
1YCC,C,102,T,stabilizing
2ABD,A,9,G,destabilizing
2ABD,F,5,A,destabilizing
2ABD,A,34,G,destabilizing
2ABD,D,21,A,neutral
2ABD,D,21,H,neutral
2ABD,E,67,A,neutral
2ABD,K,32,A,destabilizing
2ABD,K,32,E,destabilizing
2ABD,K,32,R,destabilizing
2ABD,K,52,M,neutral
2ABD,K,54,A,neutral
2ABD,K,54,M,neutral
2ABD,L,15,A,destabilizing
2ABD,L,25,A,destabilizing
2ABD,L,80,A,destabilizing
2ABD,P,19,A,destabilizing
2ABD,P,44,A,destabilizing
2ABD,Q,33,A,destabilizing
2ABD,T,35,A,destabilizing
2ABD,V,12,A,destabilizing
2ABD,V,77,A,destabilizing
2ABD,Y,28,A,destabilizing
2ABD,Y,28,F,destabilizing
2ABD,Y,28,N,destabilizing
2ABD,Y,31,N,destabilizing
2ABD,Y,73,A,destabilizing
2ABD,Y,73,F,neutral
2AFG,L,44,P,neutral
2AFG,L,73,V,destabilizing
2AFG,V,109,L,neutral
2AKY,V,8,I,destabilizing
2AKY,T,77,H,destabilizing
2AKY,I,213,F,destabilizing
2AKY,N,169,D,destabilizing
2CI2,A,35,G,destabilizing
2CI2,D,42,A,neutral
2CI2,D,64,A,neutral
2CI2,D,71,A,destabilizing
2CI2,E,26,A,neutral
2CI2,E,26,Q,neutral
2CI2,E,33,D,neutral
2CI2,E,33,N,neutral
2CI2,E,33,N,neutral
2CI2,E,33,Q,neutral
2CI2,E,34,D,neutral
2CI2,E,34,N,destabilizing
2CI2,E,34,Q,neutral
2CI2,E,45,A,neutral
2CI2,E,60,A,neutral
2CI2,E,60,A,neutral
2CI2,F,69,A,destabilizing
2CI2,F,69,L,destabilizing
2CI2,F,69,L,destabilizing
2CI2,F,69,V,destabilizing
2CI2,I,39,V,destabilizing
2CI2,I,39,V,destabilizing
2CI2,I,39,V,destabilizing
2CI2,I,39,V,destabilizing
2CI2,I,39,V,destabilizing
2CI2,I,48,A,destabilizing
2CI2,I,48,A,destabilizing
2CI2,I,48,V,neutral
2CI2,I,48,V,destabilizing
2CI2,I,48,V,destabilizing
2CI2,I,49,A,destabilizing
2CI2,I,49,V,neutral
2CI2,I,56,A,neutral
2CI2,I,76,A,destabilizing
2CI2,I,76,A,destabilizing
2CI2,I,76,A,destabilizing
2CI2,I,76,V,neutral
2CI2,I,76,V,neutral
2CI2,I,76,V,neutral
2CI2,K,21,A,neutral
2CI2,K,21,M,neutral
2CI2,K,30,A,neutral
2CI2,K,36,A,neutral
2CI2,K,36,A,neutral
2CI2,K,36,G,destabilizing
2CI2,K,37,A,neutral
2CI2,K,37,A,neutral
2CI2,K,37,G,neutral
2CI2,K,37,G,neutral
2CI2,K,43,A,neutral
2CI2,K,43,A,neutral
2CI2,K,43,G,destabilizing
2CI2,K,72,N,neutral
2CI2,L,27,A,destabilizing
2CI2,L,27,A,destabilizing
2CI2,L,27,A,destabilizing
2CI2,L,40,A,destabilizing
2CI2,L,40,G,destabilizing
2CI2,L,51,A,destabilizing
2CI2,L,51,A,destabilizing
2CI2,L,51,I,neutral
2CI2,L,51,V,neutral
2CI2,L,51,V,neutral
2CI2,L,68,A,destabilizing
2CI2,L,68,A,destabilizing
2CI2,N,75,A,neutral
2CI2,N,75,D,destabilizing
2CI2,P,25,A,destabilizing
2CI2,P,44,A,destabilizing
2CI2,P,52,A,neutral
2CI2,P,80,A,destabilizing
2CI2,Q,41,A,neutral
2CI2,Q,41,G,neutral
2CI2,R,62,A,neutral
2CI2,S,31,A,neutral
2CI2,S,31,A,neutral
2CI2,S,31,G,neutral
2CI2,T,22,A,neutral
2CI2,T,55,A,neutral
2CI2,T,55,S,neutral
2CI2,T,55,V,neutral
2CI2,T,58,A,neutral
2CI2,T,58,D,neutral
2CI2,V,38,A,neutral
2CI2,V,38,A,neutral
2CI2,V,38,A,neutral
2CI2,V,38,A,neutral
2CI2,V,53,A,neutral
2CI2,V,53,T,destabilizing
2CI2,V,57,A,destabilizing
2CI2,V,66,A,destabilizing
2CI2,V,66,A,destabilizing
2CI2,V,70,A,destabilizing
2CI2,V,70,A,destabilizing
2CI2,V,70,A,destabilizing
2HPR,G,49,A,neutral
2HPR,G,49,E,stabilizing
2HPR,G,49,K,neutral
2LZM,I,3,A,destabilizing
2LZM,I,3,A,neutral
2LZM,I,3,C,neutral
2LZM,I,3,C,neutral
2LZM,I,3,C,stabilizing
2LZM,I,3,C,destabilizing
2LZM,I,3,D,destabilizing
2LZM,I,3,D,destabilizing
2LZM,I,3,E,destabilizing
2LZM,I,3,E,destabilizing
2LZM,I,3,E,destabilizing
2LZM,I,3,E,destabilizing
2LZM,I,3,E,destabilizing
2LZM,I,3,F,destabilizing
2LZM,I,3,F,neutral
2LZM,I,3,F,destabilizing
2LZM,I,3,F,neutral
2LZM,I,3,F,destabilizing
2LZM,I,3,G,destabilizing
2LZM,I,3,G,destabilizing
2LZM,I,3,L,neutral
2LZM,I,3,L,neutral
2LZM,I,3,L,stabilizing
2LZM,I,3,L,stabilizing
2LZM,I,3,L,neutral
2LZM,I,3,M,neutral
2LZM,I,3,M,neutral
2LZM,I,3,P,destabilizing
2LZM,I,3,P,destabilizing
2LZM,I,3,P,destabilizing
2LZM,I,3,S,destabilizing
2LZM,I,3,S,destabilizing
2LZM,I,3,T,destabilizing
2LZM,I,3,T,destabilizing
2LZM,I,3,T,destabilizing
2LZM,I,3,T,destabilizing
2LZM,I,3,T,destabilizing
2LZM,I,3,V,neutral
2LZM,I,3,V,neutral
2LZM,I,3,W,destabilizing
2LZM,I,3,Y,destabilizing
2LZM,I,3,Y,destabilizing
2LZM,M,6,L,destabilizing
2LZM,A,41,S,neutral
2LZM,A,42,S,destabilizing
2LZM,A,49,S,neutral
2LZM,A,73,S,neutral
2LZM,A,74,P,destabilizing
2LZM,A,74,P,destabilizing
2LZM,A,74,P,destabilizing
2LZM,A,74,P,destabilizing
2LZM,A,82,P,neutral
2LZM,A,82,P,neutral
2LZM,A,82,P,neutral
2LZM,A,82,P,stabilizing
2LZM,A,82,P,neutral
2LZM,A,82,S,neutral
2LZM,A,93,P,neutral
2LZM,A,93,P,stabilizing
2LZM,A,93,P,neutral
2LZM,A,93,P,neutral
2LZM,A,93,P,neutral
2LZM,A,93,S,neutral
2LZM,A,98,S,destabilizing
2LZM,A,98,V,destabilizing
2LZM,C,54,T,neutral
2LZM,C,54,V,neutral
2LZM,D,20,A,neutral
2LZM,D,20,N,stabilizing
2LZM,D,20,S,neutral
2LZM,D,20,T,neutral
2LZM,D,47,A,neutral
2LZM,D,47,A,neutral
2LZM,D,72,P,destabilizing
2LZM,D,72,P,destabilizing
2LZM,D,92,N,neutral
2LZM,D,92,N,destabilizing
2LZM,E,11,A,stabilizing
2LZM,E,11,F,stabilizing
2LZM,E,11,H,neutral
2LZM,E,11,M,stabilizing
2LZM,E,11,N,neutral
2LZM,E,45,A,neutral
2LZM,E,45,A,neutral
2LZM,G,30,A,neutral
2LZM,G,30,F,destabilizing
2LZM,G,77,A,neutral
2LZM,G,77,A,neutral
2LZM,H,31,N,destabilizing
2LZM,K,16,E,neutral
2LZM,K,16,E,neutral
2LZM,K,43,A,neutral
2LZM,K,43,A,destabilizing
2LZM,K,48,A,neutral
2LZM,K,48,A,neutral
2LZM,K,60,H,neutral
2LZM,K,60,H,neutral
2LZM,K,60,P,neutral
2LZM,K,60,P,neutral
2LZM,K,83,H,neutral
2LZM,K,83,H,neutral
2LZM,L,46,A,destabilizing
2LZM,L,46,A,destabilizing
2LZM,L,46,A,destabilizing
2LZM,L,99,A,destabilizing
2LZM,L,99,A,destabilizing
2LZM,L,99,A,destabilizing
2LZM,L,99,A,destabilizing
2LZM,L,99,A,destabilizing
2LZM,L,99,F,neutral
2LZM,L,99,F,neutral
2LZM,L,99,G,destabilizing
2LZM,L,99,G,destabilizing
2LZM,L,99,I,destabilizing
2LZM,L,99,I,destabilizing
2LZM,L,99,M,neutral
2LZM,L,99,M,neutral
2LZM,L,99,V,destabilizing
2LZM,L,99,V,destabilizing
2LZM,N,40,A,neutral
2LZM,N,40,A,neutral
2LZM,N,55,G,neutral
2LZM,N,55,G,neutral
2LZM,Q,69,P,destabilizing
2LZM,Q,69,P,destabilizing
2LZM,R,96,H,destabilizing
2LZM,S,38,A,neutral
2LZM,S,38,D,neutral
2LZM,S,38,D,neutral
2LZM,S,38,N,neutral
2LZM,S,38,N,neutral
2LZM,S,44,A,neutral
2LZM,S,44,A,neutral
2LZM,S,44,A,neutral
2LZM,S,44,C,neutral
2LZM,S,44,D,neutral
2LZM,S,44,E,neutral
2LZM,S,44,F,neutral
2LZM,S,44,G,neutral
2LZM,S,44,H,neutral
2LZM,S,44,I,neutral
2LZM,S,44,K,neutral
2LZM,S,44,L,neutral
2LZM,S,44,M,neutral
2LZM,S,44,N,neutral
2LZM,S,44,P,destabilizing
2LZM,S,44,Q,neutral
2LZM,S,44,R,neutral
2LZM,S,44,T,neutral
2LZM,S,44,V,neutral
2LZM,S,44,W,neutral
2LZM,S,44,Y,neutral
2LZM,S,90,H,neutral
2LZM,S,90,H,destabilizing
2LZM,S,90,H,destabilizing
2LZM,T,59,A,destabilizing
2LZM,T,59,A,destabilizing
2LZM,T,59,D,neutral
2LZM,T,59,D,destabilizing
2LZM,T,59,G,destabilizing
2LZM,T,59,G,destabilizing
2LZM,T,59,N,neutral
2LZM,T,59,N,destabilizing
2LZM,T,59,S,neutral
2LZM,T,59,S,neutral
2LZM,T,59,V,destabilizing
2LZM,T,59,V,destabilizing
2LZM,V,75,T,destabilizing
2LZM,V,87,T,destabilizing
2LZM,A,129,L,destabilizing
2LZM,A,129,M,destabilizing
2LZM,A,129,V,neutral
2LZM,A,129,V,neutral
2LZM,A,130,S,neutral
2LZM,A,134,S,neutral
2LZM,A,146,T,destabilizing
2LZM,A,146,T,destabilizing
2LZM,E,108,V,stabilizing
2LZM,E,108,V,neutral
2LZM,E,128,A,neutral
2LZM,E,128,A,neutral
2LZM,E,128,K,destabilizing
2LZM,F,153,A,destabilizing
2LZM,F,153,A,destabilizing
2LZM,F,153,A,destabilizing
2LZM,F,153,A,destabilizing
2LZM,F,153,I,neutral
2LZM,F,153,I,neutral
2LZM,F,153,L,neutral
2LZM,F,153,L,neutral
2LZM,F,153,M,neutral
2LZM,F,153,M,neutral
2LZM,F,153,V,destabilizing
2LZM,F,153,V,destabilizing
2LZM,G,113,A,neutral
2LZM,G,113,A,neutral
2LZM,G,113,A,neutral
2LZM,G,113,A,neutral
2LZM,G,113,A,neutral
2LZM,G,156,D,destabilizing
2LZM,G,156,D,destabilizing
2LZM,K,124,G,neutral
2LZM,K,124,G,neutral
2LZM,K,135,E,neutral
2LZM,K,135,E,neutral
2LZM,K,147,E,neutral
2LZM,K,147,E,neutral
2LZM,L,118,A,destabilizing
2LZM,L,118,A,destabilizing
2LZM,L,121,A,destabilizing
2LZM,L,121,A,destabilizing
2LZM,L,121,A,destabilizing
2LZM,L,133,A,destabilizing
2LZM,L,133,A,destabilizing
2LZM,L,133,D,destabilizing
2LZM,L,133,D,destabilizing
2LZM,L,133,D,destabilizing
2LZM,L,133,F,neutral
2LZM,L,133,F,neutral
2LZM,M,102,K,destabilizing
2LZM,M,102,K,destabilizing
2LZM,M,102,K,destabilizing
2LZM,M,102,L,neutral
2LZM,M,102,L,neutral
2LZM,M,106,K,destabilizing
2LZM,M,106,L,neutral
2LZM,M,120,A,neutral
2LZM,M,120,K,destabilizing
2LZM,M,120,L,neutral
2LZM,N,116,A,neutral
2LZM,N,116,D,neutral
2LZM,N,116,D,neutral
2LZM,N,132,F,stabilizing
2LZM,N,132,I,stabilizing
2LZM,N,132,M,stabilizing
2LZM,N,144,D,neutral
2LZM,N,144,D,neutral
2LZM,N,144,E,neutral
2LZM,N,144,E,neutral
2LZM,N,144,E,neutral
2LZM,N,144,H,neutral
2LZM,N,144,H,neutral
2LZM,Q,105,A,neutral
2LZM,Q,105,A,neutral
2LZM,Q,105,E,neutral
2LZM,Q,105,E,destabilizing
2LZM,Q,105,G,destabilizing
2LZM,Q,105,G,destabilizing
2LZM,Q,122,A,neutral
2LZM,Q,123,A,neutral
2LZM,Q,123,E,neutral
2LZM,Q,123,E,neutral
2LZM,Q,123,E,neutral
2LZM,R,119,A,neutral
2LZM,R,119,E,neutral
2LZM,R,119,E,neutral
2LZM,R,119,M,neutral
2LZM,R,119,M,neutral
2LZM,R,154,E,neutral
2LZM,R,154,E,destabilizing
2LZM,S,117,A,stabilizing
2LZM,S,117,F,stabilizing
2LZM,S,117,F,stabilizing
2LZM,S,117,F,stabilizing
2LZM,S,117,I,stabilizing
2LZM,S,117,V,stabilizing
2LZM,T,109,D,neutral
2LZM,T,109,D,neutral
2LZM,T,109,N,neutral
2LZM,T,109,N,neutral
2LZM,T,115,A,neutral
2LZM,T,115,E,neutral
2LZM,T,115,E,neutral
2LZM,T,115,E,neutral
2LZM,T,115,E,neutral
2LZM,T,115,E,neutral
2LZM,T,115,E,neutral
2LZM,T,115,E,neutral
2LZM,T,152,S,destabilizing
2LZM,T,157,A,destabilizing
2LZM,T,157,A,destabilizing
2LZM,T,157,A,neutral
2LZM,T,157,A,neutral
2LZM,T,157,C,destabilizing
2LZM,T,157,D,destabilizing
2LZM,T,157,E,destabilizing
2LZM,T,157,E,destabilizing
2LZM,T,157,E,destabilizing
2LZM,T,157,E,neutral
2LZM,T,157,F,destabilizing
2LZM,T,157,G,destabilizing
2LZM,T,157,H,destabilizing
2LZM,T,157,I,destabilizing
2LZM,T,157,I,destabilizing
2LZM,T,157,I,destabilizing
2LZM,T,157,I,destabilizing
2LZM,T,157,I,destabilizing
2LZM,T,157,I,destabilizing
2LZM,T,157,L,destabilizing
2LZM,T,157,L,destabilizing
2LZM,T,157,L,destabilizing
2LZM,T,157,L,destabilizing
2LZM,T,157,N,neutral
2LZM,T,157,N,neutral
2LZM,T,157,N,destabilizing
2LZM,T,157,N,destabilizing
2LZM,T,157,R,destabilizing
2LZM,T,157,R,destabilizing
2LZM,T,157,R,neutral
2LZM,T,157,R,neutral
2LZM,T,157,S,neutral
2LZM,T,157,V,destabilizing
2LZM,T,157,V,destabilizing
2LZM,T,157,V,destabilizing
2LZM,T,157,V,destabilizing
2LZM,V,111,F,destabilizing
2LZM,V,111,F,destabilizing
2LZM,V,111,I,neutral
2LZM,V,111,I,neutral
2LZM,V,131,A,neutral
2LZM,V,131,A,neutral
2LZM,V,131,A,neutral
2LZM,V,131,D,neutral
2LZM,V,131,E,neutral
2LZM,V,131,G,neutral
2LZM,V,131,I,neutral
2LZM,V,131,L,neutral
2LZM,V,131,M,neutral
2LZM,V,131,S,neutral
2LZM,V,131,T,neutral
2LZM,V,149,C,destabilizing
2LZM,V,149,T,destabilizing
2RN2,A,24,V,neutral
2RN2,A,24,V,neutral
2RN2,A,52,C,neutral
2RN2,A,52,D,destabilizing
2RN2,A,52,E,destabilizing
2RN2,A,52,F,neutral
2RN2,A,52,G,destabilizing
2RN2,A,52,H,destabilizing
2RN2,A,52,I,stabilizing
2RN2,A,52,K,destabilizing
2RN2,A,52,L,stabilizing
2RN2,A,52,M,neutral
2RN2,A,52,N,destabilizing
2RN2,A,52,P,destabilizing
2RN2,A,52,Q,destabilizing
2RN2,A,52,S,destabilizing
2RN2,A,52,T,neutral
2RN2,A,52,V,stabilizing
2RN2,A,52,V,stabilizing
2RN2,A,52,Y,destabilizing
2RN2,D,10,A,stabilizing
2RN2,D,10,A,stabilizing
2RN2,D,10,E,neutral
2RN2,D,10,E,stabilizing
2RN2,D,10,H,stabilizing
2RN2,D,10,H,neutral
2RN2,D,10,N,stabilizing
2RN2,D,10,N,neutral
2RN2,D,10,S,stabilizing
2RN2,D,10,S,neutral
2RN2,D,70,A,stabilizing
2RN2,D,70,A,neutral
2RN2,D,70,E,neutral
2RN2,D,70,E,neutral
2RN2,D,70,N,stabilizing
2RN2,D,70,N,neutral
2RN2,D,94,E,neutral
2RN2,D,94,E,neutral
2RN2,E,48,A,neutral
2RN2,E,48,A,neutral
2RN2,E,48,D,neutral
2RN2,E,48,D,neutral
2RN2,E,48,Q,neutral
2RN2,E,48,Q,neutral
2RN2,G,23,A,neutral
2RN2,G,23,A,neutral
2RN2,G,23,A,neutral
2RN2,G,23,A,neutral
2RN2,G,77,A,neutral
2RN2,H,62,D,neutral
2RN2,H,62,D,neutral
2RN2,H,62,P,neutral
2RN2,H,62,P,neutral
2RN2,H,62,P,neutral
2RN2,H,62,P,stabilizing
2RN2,H,62,P,stabilizing
2RN2,H,62,P,stabilizing
2RN2,H,62,R,neutral
2RN2,H,62,R,neutral
2RN2,K,91,R,neutral
2RN2,K,91,R,neutral
2RN2,K,95,A,neutral
2RN2,K,95,A,neutral
2RN2,K,95,G,stabilizing
2RN2,K,95,G,stabilizing
2RN2,K,95,N,neutral
2RN2,K,95,N,neutral
2RN2,K,95,N,neutral
2RN2,K,95,N,neutral
2RN2,Q,76,L,neutral
2RN2,Q,80,L,neutral
2RN2,R,41,C,neutral
2RN2,R,41,C,neutral
2RN2,S,68,A,neutral
2RN2,S,68,G,destabilizing
2RN2,S,68,L,neutral
2RN2,S,68,T,neutral
2RN2,S,68,V,neutral
2RN2,V,74,A,destabilizing
2RN2,V,74,A,destabilizing
2RN2,V,74,I,neutral
2RN2,V,74,I,neutral
2RN2,V,74,L,stabilizing
2RN2,V,74,L,stabilizing
2RN2,V,74,L,neutral
2RN2,V,74,L,neutral
2RN2,A,125,T,neutral
2RN2,A,125,T,neutral
2RN2,D,134,A,stabilizing
2RN2,D,134,A,neutral
2RN2,D,134,A,neutral
2RN2,D,134,A,stabilizing
2RN2,D,134,E,neutral
2RN2,D,134,E,neutral
2RN2,D,134,H,neutral
2RN2,D,134,H,neutral
2RN2,D,134,H,stabilizing
2RN2,D,134,H,stabilizing
2RN2,D,134,I,neutral
2RN2,D,134,I,stabilizing
2RN2,D,134,L,stabilizing
2RN2,D,134,L,stabilizing
2RN2,D,134,N,stabilizing
2RN2,D,134,N,neutral
2RN2,D,134,N,neutral
2RN2,D,134,Q,neutral
2RN2,D,134,Q,stabilizing
2RN2,D,134,S,neutral
2RN2,D,134,S,stabilizing
2RN2,D,134,T,neutral
2RN2,D,134,T,stabilizing
2RN2,D,134,V,neutral
2RN2,D,134,V,stabilizing
2RN2,E,119,V,neutral
2RN2,E,119,V,neutral
2RN2,E,135,K,destabilizing
2RN2,E,135,K,neutral
2RN2,K,117,R,neutral
2RN2,K,117,R,neutral
2RN2,Q,113,P,neutral
2RN2,Q,113,P,neutral
2TRX,L,78,K,destabilizing
2TRX,L,78,R,destabilizing
3BLS,Y,150,F,neutral
3MBP,P,48,A,neutral
3MBP,P,48,S,neutral
3MBP,P,133,A,neutral
3MBP,P,133,S,destabilizing
3MBP,P,159,A,destabilizing
3MBP,P,159,S,destabilizing
3SSI,M,73,A,neutral
3SSI,M,73,A,neutral
3SSI,M,73,A,neutral
3SSI,M,73,D,stabilizing
3SSI,M,73,D,stabilizing
3SSI,M,73,D,stabilizing
3SSI,M,73,E,neutral
3SSI,M,73,E,stabilizing
3SSI,M,73,E,neutral
3SSI,M,73,G,neutral
3SSI,M,73,G,neutral
3SSI,M,73,G,neutral
3SSI,M,73,I,neutral
3SSI,M,73,I,neutral
3SSI,M,73,I,destabilizing
3SSI,M,73,K,stabilizing
3SSI,M,73,K,neutral
3SSI,M,73,K,neutral
3SSI,M,73,L,neutral
3SSI,M,73,L,neutral
3SSI,M,73,L,neutral
3SSI,M,73,V,neutral
3SSI,M,73,V,neutral
3SSI,M,73,V,neutral
3SSI,V,13,A,destabilizing
3SSI,V,13,A,destabilizing
3SSI,V,13,F,destabilizing
3SSI,V,13,F,destabilizing
3SSI,V,13,G,destabilizing
3SSI,V,13,G,destabilizing
3SSI,V,13,I,neutral
3SSI,V,13,I,neutral
3SSI,V,13,L,destabilizing
3SSI,V,13,L,destabilizing
3SSI,V,13,M,destabilizing
3SSI,V,13,M,destabilizing
3SSI,M,103,A,destabilizing
3SSI,M,103,A,destabilizing
3SSI,M,103,A,destabilizing
3SSI,M,103,G,destabilizing
3SSI,M,103,G,destabilizing
3SSI,M,103,I,destabilizing
3SSI,M,103,I,destabilizing
3SSI,M,103,I,destabilizing
3SSI,M,103,L,neutral
3SSI,M,103,L,neutral
3SSI,M,103,L,neutral
3SSI,M,103,V,destabilizing
3SSI,M,103,V,destabilizing
3SSI,M,103,V,destabilizing
451C,V,78,I,stabilizing
4LYZ,F,3,Y,neutral
4LYZ,A,31,I,stabilizing
4LYZ,A,31,L,stabilizing
4LYZ,A,31,V,stabilizing
4LYZ,F,34,Y,neutral
4LYZ,G,49,A,destabilizing
4LYZ,G,67,A,neutral
4LYZ,G,71,A,neutral
4LYZ,H,15,L,neutral
4LYZ,I,55,A,destabilizing
4LYZ,I,55,F,destabilizing
4LYZ,I,55,L,neutral
4LYZ,I,55,M,destabilizing
4LYZ,I,55,T,destabilizing
4LYZ,I,55,V,neutral
4LYZ,N,19,K,destabilizing
4LYZ,N,77,H,neutral
4LYZ,R,21,Q,neutral
4LYZ,R,68,K,neutral
4LYZ,R,73,K,neutral
4LYZ,S,91,A,neutral
4LYZ,S,91,D,destabilizing
4LYZ,S,91,T,neutral
4LYZ,S,91,V,neutral
4LYZ,S,91,Y,destabilizing
4LYZ,T,40,I,destabilizing
4LYZ,T,40,S,neutral
4LYZ,D,101,A,neutral
4LYZ,D,101,E,neutral
4LYZ,D,101,F,neutral
4LYZ,D,101,G,neutral
4LYZ,D,101,K,neutral
4LYZ,D,101,N,neutral
4LYZ,D,101,Q,neutral
4LYZ,D,101,R,neutral
4LYZ,D,101,S,neutral
4LYZ,G,102,A,neutral
4LYZ,G,102,R,neutral
4LYZ,G,102,V,neutral
4LYZ,G,117,A,destabilizing
4LYZ,Q,121,H,neutral
4LYZ,R,114,H,neutral
5CRO,A,36,S,neutral
5CRO,Q,16,L,stabilizing
5CRO,Y,26,C,stabilizing
5CRO,Y,26,C,stabilizing
5CRO,Y,26,D,stabilizing
5CRO,Y,26,F,neutral
5CRO,Y,26,H,stabilizing
5CRO,Y,26,L,stabilizing
5CRO,Y,26,Q,stabilizing
5CRO,Y,26,V,neutral
5CRO,Y,26,W,neutral
